output.cyclomatic,output.cyclomaticDensity,output.halstead.bugs,output.halstead.difficulty,output.halstead.effort,output.halstead.length,output.halstead.time,output.halstead.vocabulary,output.halstead.volume,output.halstead.operands.distinct,output.halstead.operands.total,output.halstead.operators.distinct,output.halstead.operators.total,output.params,output.sloc.logical,output.sloc.physical,class
1,100,0,0,0,1,0,1,0,1,1,0,0,0,1,1,0
66,63.7605,4.583,47.4235,1304010.4345,1613.5,72445.024,184.5,13748.5055,166,849,18.5,764.5,24,238.5,297.5,1
1,100,0,0,0,1,0,1,0,1,1,0,0,0,1,1,0
66,63.7605,4.583,47.4235,1304010.4345,1613.5,72445.024,184.5,13748.5055,166,849,18.5,764.5,24,238.5,297.5,1
1,50,0.001,0,0,2,0,2,2,2,2,0,0,0,2,2,0
66,38.7605,4.5835,47.4235,1304010.4345,1614,72445.024,185,13749.5055,166.5,849.5,18.5,764.5,24,239,298,1
1,100,0,0,0,1,0,1,0,1,1,0,0,0,1,1,0
66,63.7605,4.583,47.4235,1304010.4345,1613.5,72445.024,184.5,13748.5055,166,849,18.5,764.5,24,238.5,297.5,1
1,100,0,0,0,1,0,1,0,1,1,0,0,0,1,1,0
66,63.7605,4.583,47.4235,1304010.4345,1613.5,72445.024,184.5,13748.5055,166,849,18.5,764.5,24,238.5,297.5,1
1,100,0,0,0,1,0,1,0,1,1,0,0,0,1,1,0
66,63.7605,4.583,47.4235,1304010.4345,1613.5,72445.024,184.5,13748.5055,166,849,18.5,764.5,24,238.5,297.5,1
1,100,0,0,0,1,0,1,0,1,1,0,0,0,1,1,0
66,63.7605,4.583,47.4235,1304010.4345,1613.5,72445.024,184.5,13748.5055,166,849,18.5,764.5,24,238.5,297.5,1
1,100,0,0,0,1,0,1,0,1,1,0,0,0,1,1,0
66,63.7605,4.583,47.4235,1304010.4345,1613.5,72445.024,184.5,13748.5055,166,849,18.5,764.5,24,238.5,297.5,1
1,100,0,0,0,1,0,1,0,1,1,0,0,0,1,1,0
66,63.7605,4.583,47.4235,1304010.4345,1613.5,72445.024,184.5,13748.5055,166,849,18.5,764.5,24,238.5,297.5,1
1,10,0.011,0,0,10,0,9,31.699,9,10,0,0,0,10,10,0
66,18.7605,4.5885,47.4235,1304010.4345,1618,72445.024,188.5,13764.355,170,853.5,18.5,764.5,24,243,302,1
1,12.5,0.003,0,0,8,0,2,8,2,8,0,0,0,8,8,0
66,20.0105,4.5845,47.4235,1304010.4345,1617,72445.024,185,13752.5055,166.5,852.5,18.5,764.5,24,242,301,1
1,100,0,0,0,1,0,1,0,1,1,0,0,0,1,1,0
66,63.7605,4.583,47.4235,1304010.4345,1613.5,72445.024,184.5,13748.5055,166,849,18.5,764.5,24,238.5,297.5,1
1,50,0.001,0,0,2,0,2,2,2,2,0,0,0,2,2,0
66,38.7605,4.5835,47.4235,1304010.4345,1614,72445.024,185,13749.5055,166.5,849.5,18.5,764.5,24,239,298,1
1,100,0,0,0,1,0,1,0,1,1,0,0,0,1,1,0
66,63.7605,4.583,47.4235,1304010.4345,1613.5,72445.024,184.5,13748.5055,166,849,18.5,764.5,24,238.5,297.5,1
1,14.286,0.007,0,0,7,0,7,19.651,7,7,0,0,0,7,7,0
66,20.9035,4.5865,47.4235,1304010.4345,1616.5,72445.024,187.5,13758.331,169,852,18.5,764.5,24,241.5,300.5,1
1,50,0.001,0,0,2,0,2,2,2,2,0,0,0,2,2,0
66,38.7605,4.5835,47.4235,1304010.4345,1614,72445.024,185,13749.5055,166.5,849.5,18.5,764.5,24,239,298,1
1,100,0,0,0,1,0,1,0,1,1,0,0,0,1,1,0
66,63.7605,4.583,47.4235,1304010.4345,1613.5,72445.024,184.5,13748.5055,166,849,18.5,764.5,24,238.5,297.5,1
1,100,0,0,0,1,0,1,0,1,1,0,0,0,1,1,0
66,63.7605,4.583,47.4235,1304010.4345,1613.5,72445.024,184.5,13748.5055,166,849,18.5,764.5,24,238.5,297.5,1
1,100,0,0,0,1,0,1,0,1,1,0,0,0,1,1,0
66,63.7605,4.583,47.4235,1304010.4345,1613.5,72445.024,184.5,13748.5055,166,849,18.5,764.5,24,238.5,297.5,1
1,11.111,0.01,0,0,9,0,9,28.529,9,9,0,0,0,9,9,0
66,19.316000000000003,4.588,47.4235,1304010.4345,1617.5,72445.024,188.5,13762.769999999999,170,853,18.5,764.5,24,242.5,301.5,1
1,100,0,0,0,1,0,1,0,1,1,0,0,0,1,1,0
66,63.7605,4.583,47.4235,1304010.4345,1613.5,72445.024,184.5,13748.5055,166,849,18.5,764.5,24,238.5,297.5,1
1,11.111,0.01,0,0,9,0,9,28.529,9,9,0,0,0,9,9,0
66,19.316000000000003,4.588,47.4235,1304010.4345,1617.5,72445.024,188.5,13762.769999999999,170,853,18.5,764.5,24,242.5,301.5,1
1,50,0,0,0,2,0,1,0,1,2,0,0,0,2,2,0
66,38.7605,4.583,47.4235,1304010.4345,1614,72445.024,184.5,13748.5055,166,849.5,18.5,764.5,24,239,298,1
1,100,0,0,0,1,0,1,0,1,1,0,0,0,1,1,0
66,63.7605,4.583,47.4235,1304010.4345,1613.5,72445.024,184.5,13748.5055,166,849,18.5,764.5,24,238.5,297.5,1
1,100,0,0,0,1,0,1,0,1,1,0,0,0,1,1,0
66,63.7605,4.583,47.4235,1304010.4345,1613.5,72445.024,184.5,13748.5055,166,849,18.5,764.5,24,238.5,297.5,1
1,100,0,0,0,1,0,1,0,1,1,0,0,0,1,1,0
66,63.7605,4.583,47.4235,1304010.4345,1613.5,72445.024,184.5,13748.5055,166,849,18.5,764.5,24,238.5,297.5,1
1,50,0.001,0,0,2,0,2,2,2,2,0,0,0,2,2,0
66,38.7605,4.5835,47.4235,1304010.4345,1614,72445.024,185,13749.5055,166.5,849.5,18.5,764.5,24,239,298,1
1,100,0,0,0,1,0,1,0,1,1,0,0,0,1,1,0
66,63.7605,4.583,47.4235,1304010.4345,1613.5,72445.024,184.5,13748.5055,166,849,18.5,764.5,24,238.5,297.5,1
1,50,0.001,0,0,2,0,2,2,2,2,0,0,0,2,2,0
66,38.7605,4.5835,47.4235,1304010.4345,1614,72445.024,185,13749.5055,166.5,849.5,18.5,764.5,24,239,298,1
1,100,0,0,0,1,0,1,0,1,1,0,0,0,1,1,0
66,63.7605,4.583,47.4235,1304010.4345,1613.5,72445.024,184.5,13748.5055,166,849,18.5,764.5,24,238.5,297.5,1
1,20,0,0,0,5,0,1,0,1,5,0,0,0,5,5,0
66,23.7605,4.583,47.4235,1304010.4345,1615.5,72445.024,184.5,13748.5055,166,851,18.5,764.5,24,240.5,299.5,1
1,100,0,0,0,1,0,1,0,1,1,0,0,0,1,1,0
66,63.7605,4.583,47.4235,1304010.4345,1613.5,72445.024,184.5,13748.5055,166,849,18.5,764.5,24,238.5,297.5,1
1,100,0,0,0,1,0,1,0,1,1,0,0,0,1,1,0
66,63.7605,4.583,47.4235,1304010.4345,1613.5,72445.024,184.5,13748.5055,166,849,18.5,764.5,24,238.5,297.5,1
1,100,0,0,0,1,0,1,0,1,1,0,0,0,1,1,0
66,63.7605,4.583,47.4235,1304010.4345,1613.5,72445.024,184.5,13748.5055,166,849,18.5,764.5,24,238.5,297.5,1
1,100,0,0,0,1,0,1,0,1,1,0,0,0,1,1,0
66,63.7605,4.583,47.4235,1304010.4345,1613.5,72445.024,184.5,13748.5055,166,849,18.5,764.5,24,238.5,297.5,1
1,11.111,0.01,0,0,9,0,9,28.529,9,9,0,0,0,9,9,0
66,19.316000000000003,4.588,47.4235,1304010.4345,1617.5,72445.024,188.5,13762.769999999999,170,853,18.5,764.5,24,242.5,301.5,1
1,100,0,0,0,1,0,1,0,1,1,0,0,0,1,1,0
66,63.7605,4.583,47.4235,1304010.4345,1613.5,72445.024,184.5,13748.5055,166,849,18.5,764.5,24,238.5,297.5,1
1,100,0,0,0,1,0,1,0,1,1,0,0,0,1,1,0
66,63.7605,4.583,47.4235,1304010.4345,1613.5,72445.024,184.5,13748.5055,166,849,18.5,764.5,24,238.5,297.5,1
1,50,0.001,0,0,2,0,2,2,2,2,0,0,0,2,2,0
66,38.7605,4.5835,47.4235,1304010.4345,1614,72445.024,185,13749.5055,166.5,849.5,18.5,764.5,24,239,298,1
1,25,0.003,0,0,4,0,4,8,4,4,0,0,0,4,4,0
66,26.2605,4.5845,47.4235,1304010.4345,1615,72445.024,186,13752.5055,167.5,850.5,18.5,764.5,24,240,299,1
1,7.143,0.018,0,0,14,0,14,53.303,14,14,0,0,0,14,14,0
66,17.332,4.5920000000000005,47.4235,1304010.4345,1620,72445.024,191,13775.157,172.5,855.5,18.5,764.5,24,245,304,1
1,9.091,0.013,0,0,11,0,11,38.054,11,11,0,0,0,11,11,0
66,18.306,4.5895,47.4235,1304010.4345,1618.5,72445.024,189.5,13767.5325,171,854,18.5,764.5,24,243.5,302.5,1
1,100,0,0,0,1,0,1,0,1,1,0,0,0,1,1,0
66,63.7605,4.583,47.4235,1304010.4345,1613.5,72445.024,184.5,13748.5055,166,849,18.5,764.5,24,238.5,297.5,1
1,100,0,0,0,1,0,1,0,1,1,0,0,0,1,1,0
66,63.7605,4.583,47.4235,1304010.4345,1613.5,72445.024,184.5,13748.5055,166,849,18.5,764.5,24,238.5,297.5,1
1,100,0,0,0,1,0,1,0,1,1,0,0,0,1,1,0
66,63.7605,4.583,47.4235,1304010.4345,1613.5,72445.024,184.5,13748.5055,166,849,18.5,764.5,24,238.5,297.5,1
1,100,0,0,0,1,0,1,0,1,1,0,0,0,1,1,0
66,63.7605,4.583,47.4235,1304010.4345,1613.5,72445.024,184.5,13748.5055,166,849,18.5,764.5,24,238.5,297.5,1
1,100,0,0,0,1,0,1,0,1,1,0,0,0,1,1,0
66,63.7605,4.583,47.4235,1304010.4345,1613.5,72445.024,184.5,13748.5055,166,849,18.5,764.5,24,238.5,297.5,1
1,100,0,0,0,1,0,1,0,1,1,0,0,0,1,1,0
66,63.7605,4.583,47.4235,1304010.4345,1613.5,72445.024,184.5,13748.5055,166,849,18.5,764.5,24,238.5,297.5,1
1,100,0,0,0,1,0,1,0,1,1,0,0,0,1,1,0
66,63.7605,4.583,47.4235,1304010.4345,1613.5,72445.024,184.5,13748.5055,166,849,18.5,764.5,24,238.5,297.5,1
1,33.333,0.002,0,0,3,0,3,4.755,3,3,0,0,0,3,3,0
66,30.427,4.5840000000000005,47.4235,1304010.4345,1614.5,72445.024,185.5,13750.883,167,850,18.5,764.5,24,239.5,298.5,1
1,50,0.001,0,0,2,0,2,2,2,2,0,0,0,2,2,0
66,38.7605,4.5835,47.4235,1304010.4345,1614,72445.024,185,13749.5055,166.5,849.5,18.5,764.5,24,239,298,1
1,100,0,0,0,1,0,1,0,1,1,0,0,0,1,1,0
66,63.7605,4.583,47.4235,1304010.4345,1613.5,72445.024,184.5,13748.5055,166,849,18.5,764.5,24,238.5,297.5,1
1,10,0.011,0,0,10,0,10,33.219,10,10,0,0,0,10,10,0
66,18.7605,4.5885,47.4235,1304010.4345,1618,72445.024,189,13765.115,170.5,853.5,18.5,764.5,24,243,302,1
1,20,0.004,0,0,5,0,5,11.61,5,5,0,0,0,5,5,0
66,23.7605,4.585,47.4235,1304010.4345,1615.5,72445.024,186.5,13754.3105,168,851,18.5,764.5,24,240.5,299.5,1
1,25,0,0,0,4,0,1,0,1,4,0,0,0,4,4,0
66,26.2605,4.583,47.4235,1304010.4345,1615,72445.024,184.5,13748.5055,166,850.5,18.5,764.5,24,240,299,1
1,50,0,0,0,2,0,1,0,1,2,0,0,0,2,2,0
66,38.7605,4.583,47.4235,1304010.4345,1614,72445.024,184.5,13748.5055,166,849.5,18.5,764.5,24,239,298,1
1,100,0,0,0,1,0,1,0,1,1,0,0,0,1,1,0
66,63.7605,4.583,47.4235,1304010.4345,1613.5,72445.024,184.5,13748.5055,166,849,18.5,764.5,24,238.5,297.5,1
1,50,0.001,0,0,2,0,2,2,2,2,0,0,0,2,2,0
66,38.7605,4.5835,47.4235,1304010.4345,1614,72445.024,185,13749.5055,166.5,849.5,18.5,764.5,24,239,298,1
1,11.111,0.01,0,0,9,0,9,28.529,9,9,0,0,0,9,9,0
66,19.316000000000003,4.588,47.4235,1304010.4345,1617.5,72445.024,188.5,13762.769999999999,170,853,18.5,764.5,24,242.5,301.5,1
1,100,0,0,0,1,0,1,0,1,1,0,0,0,1,1,0
66,63.7605,4.583,47.4235,1304010.4345,1613.5,72445.024,184.5,13748.5055,166,849,18.5,764.5,24,238.5,297.5,1
1,100,0,0,0,1,0,1,0,1,1,0,0,0,1,1,0
66,63.7605,4.583,47.4235,1304010.4345,1613.5,72445.024,184.5,13748.5055,166,849,18.5,764.5,24,238.5,297.5,1
1,100,0,0,0,1,0,1,0,1,1,0,0,0,1,1,0
66,63.7605,4.583,47.4235,1304010.4345,1613.5,72445.024,184.5,13748.5055,166,849,18.5,764.5,24,238.5,297.5,1
1,100,0,0,0,1,0,1,0,1,1,0,0,0,1,1,0
66,63.7605,4.583,47.4235,1304010.4345,1613.5,72445.024,184.5,13748.5055,166,849,18.5,764.5,24,238.5,297.5,1
1,100,0,0,0,1,0,1,0,1,1,0,0,0,1,1,0
66,63.7605,4.583,47.4235,1304010.4345,1613.5,72445.024,184.5,13748.5055,166,849,18.5,764.5,24,238.5,297.5,1
1,20,0.004,0,0,5,0,5,11.61,5,5,0,0,0,5,5,0
66,23.7605,4.585,47.4235,1304010.4345,1615.5,72445.024,186.5,13754.3105,168,851,18.5,764.5,24,240.5,299.5,1
1,50,0.001,0,0,2,0,2,2,2,2,0,0,0,2,2,0
66,38.7605,4.5835,47.4235,1304010.4345,1614,72445.024,185,13749.5055,166.5,849.5,18.5,764.5,24,239,298,1
1,100,0,0,0,1,0,1,0,1,1,0,0,0,1,1,0
66,63.7605,4.583,47.4235,1304010.4345,1613.5,72445.024,184.5,13748.5055,166,849,18.5,764.5,24,238.5,297.5,1
1,16.667,0.005,0,0,6,0,6,15.51,6,6,0,0,0,6,6,0
66,22.094,4.585500000000001,47.4235,1304010.4345,1616,72445.024,187,13756.260499999999,168.5,851.5,18.5,764.5,24,241,300,1
1,100,0,0,0,1,0,1,0,1,1,0,0,0,1,1,0
66,63.7605,4.583,47.4235,1304010.4345,1613.5,72445.024,184.5,13748.5055,166,849,18.5,764.5,24,238.5,297.5,1
1,100,0,0,0,1,0,1,0,1,1,0,0,0,1,1,0
66,63.7605,4.583,47.4235,1304010.4345,1613.5,72445.024,184.5,13748.5055,166,849,18.5,764.5,24,238.5,297.5,1
1,100,0,0,0,1,0,1,0,1,1,0,0,0,1,1,0
66,63.7605,4.583,47.4235,1304010.4345,1613.5,72445.024,184.5,13748.5055,166,849,18.5,764.5,24,238.5,297.5,1
1,100,0,0,0,1,0,1,0,1,1,0,0,0,1,1,0
66,63.7605,4.583,47.4235,1304010.4345,1613.5,72445.024,184.5,13748.5055,166,849,18.5,764.5,24,238.5,297.5,1
1,100,0,0,0,1,0,1,0,1,1,0,0,0,1,1,0
66,63.7605,4.583,47.4235,1304010.4345,1613.5,72445.024,184.5,13748.5055,166,849,18.5,764.5,24,238.5,297.5,1
1,25,0.001,0,0,4,0,2,4,2,4,0,0,0,4,4,0
66,26.2605,4.5835,47.4235,1304010.4345,1615,72445.024,185,13750.5055,166.5,850.5,18.5,764.5,24,240,299,1
1,100,0,0,0,1,0,1,0,1,1,0,0,0,1,1,0
66,63.7605,4.583,47.4235,1304010.4345,1613.5,72445.024,184.5,13748.5055,166,849,18.5,764.5,24,238.5,297.5,1
1,100,0,0,0,1,0,1,0,1,1,0,0,0,1,1,0
66,63.7605,4.583,47.4235,1304010.4345,1613.5,72445.024,184.5,13748.5055,166,849,18.5,764.5,24,238.5,297.5,1
1,100,0,0,0,1,0,1,0,1,1,0,0,0,1,1,0
66,63.7605,4.583,47.4235,1304010.4345,1613.5,72445.024,184.5,13748.5055,166,849,18.5,764.5,24,238.5,297.5,1
1,100,0,0,0,1,0,1,0,1,1,0,0,0,1,1,0
66,63.7605,4.583,47.4235,1304010.4345,1613.5,72445.024,184.5,13748.5055,166,849,18.5,764.5,24,238.5,297.5,1
1,25,0.003,0,0,4,0,4,8,4,4,0,0,0,4,4,0
66,26.2605,4.5845,47.4235,1304010.4345,1615,72445.024,186,13752.5055,167.5,850.5,18.5,764.5,24,240,299,1
1,100,0,0,0,1,0,1,0,1,1,0,0,0,1,1,0
66,63.7605,4.583,47.4235,1304010.4345,1613.5,72445.024,184.5,13748.5055,166,849,18.5,764.5,24,238.5,297.5,1
1,100,0,0,0,1,0,1,0,1,1,0,0,0,1,1,0
66,63.7605,4.583,47.4235,1304010.4345,1613.5,72445.024,184.5,13748.5055,166,849,18.5,764.5,24,238.5,297.5,1
1,50,0.001,0,0,2,0,2,2,2,2,0,0,0,2,2,0
66,38.7605,4.5835,47.4235,1304010.4345,1614,72445.024,185,13749.5055,166.5,849.5,18.5,764.5,24,239,298,1
1,100,0,0,0,1,0,1,0,1,1,0,0,0,1,1,0
66,63.7605,4.583,47.4235,1304010.4345,1613.5,72445.024,184.5,13748.5055,166,849,18.5,764.5,24,238.5,297.5,1
1,25,0.003,0,0,4,0,4,8,4,4,0,0,0,4,4,0
66,26.2605,4.5845,47.4235,1304010.4345,1615,72445.024,186,13752.5055,167.5,850.5,18.5,764.5,24,240,299,1
1,12.5,0.008,0,0,8,0,8,24,8,8,0,0,0,8,8,0
66,20.0105,4.587,47.4235,1304010.4345,1617,72445.024,188,13760.5055,169.5,852.5,18.5,764.5,24,242,301,1
1,33.333,0,0,0,3,0,1,0,1,3,0,0,0,3,3,0
66,30.427,4.583,47.4235,1304010.4345,1614.5,72445.024,184.5,13748.5055,166,850,18.5,764.5,24,239.5,298.5,1
1,33.333,0.002,0,0,3,0,3,4.755,3,3,0,0,0,3,3,0
66,30.427,4.5840000000000005,47.4235,1304010.4345,1614.5,72445.024,185.5,13750.883,167,850,18.5,764.5,24,239.5,298.5,1
1,33.333,0.001,0,0,3,0,2,3,2,3,0,0,0,3,3,0
66,30.427,4.5835,47.4235,1304010.4345,1614.5,72445.024,185,13750.0055,166.5,850,18.5,764.5,24,239.5,298.5,1
1,100,0,0,0,1,0,1,0,1,1,0,0,0,1,1,0
66,63.7605,4.583,47.4235,1304010.4345,1613.5,72445.024,184.5,13748.5055,166,849,18.5,764.5,24,238.5,297.5,1
1,100,0,0,0,1,0,1,0,1,1,0,0,0,1,1,0
66,63.7605,4.583,47.4235,1304010.4345,1613.5,72445.024,184.5,13748.5055,166,849,18.5,764.5,24,238.5,297.5,1
1,6.667,0.02,0,0,15,0,15,58.603,15,15,0,0,0,15,15,0
66,17.094,4.593,47.4235,1304010.4345,1620.5,72445.024,191.5,13777.806999999999,173,856,18.5,764.5,24,245.5,304.5,1
1,100,0,0,0,1,0,1,0,1,1,0,0,0,1,1,0
66,63.7605,4.583,47.4235,1304010.4345,1613.5,72445.024,184.5,13748.5055,166,849,18.5,764.5,24,238.5,297.5,1
1,100,0,0,0,1,0,1,0,1,1,0,0,0,1,1,0
66,63.7605,4.583,47.4235,1304010.4345,1613.5,72445.024,184.5,13748.5055,166,849,18.5,764.5,24,238.5,297.5,1
1,8.333,0.014,0,0,12,0,12,43.02,12,12,0,0,0,12,12,0
66,17.927,4.59,47.4235,1304010.4345,1619,72445.024,190,13770.0155,171.5,854.5,18.5,764.5,24,244,303,1
1,100,0,0,0,1,0,1,0,1,1,0,0,0,1,1,0
66,63.7605,4.583,47.4235,1304010.4345,1613.5,72445.024,184.5,13748.5055,166,849,18.5,764.5,24,238.5,297.5,1
1,100,0,0,0,1,0,1,0,1,1,0,0,0,1,1,0
66,63.7605,4.583,47.4235,1304010.4345,1613.5,72445.024,184.5,13748.5055,166,849,18.5,764.5,24,238.5,297.5,1
1,100,0,0,0,1,0,1,0,1,1,0,0,0,1,1,0
66,63.7605,4.583,47.4235,1304010.4345,1613.5,72445.024,184.5,13748.5055,166,849,18.5,764.5,24,238.5,297.5,1
1,100,0,0,0,1,0,1,0,1,1,0,0,0,1,1,0
66,63.7605,4.583,47.4235,1304010.4345,1613.5,72445.024,184.5,13748.5055,166,849,18.5,764.5,24,238.5,297.5,1
1,100,0,0,0,1,0,1,0,1,1,0,0,0,1,1,0
66,63.7605,4.583,47.4235,1304010.4345,1613.5,72445.024,184.5,13748.5055,166,849,18.5,764.5,24,238.5,297.5,1
1,100,0,0,0,1,0,1,0,1,1,0,0,0,1,1,0
66,63.7605,4.583,47.4235,1304010.4345,1613.5,72445.024,184.5,13748.5055,166,849,18.5,764.5,24,238.5,297.5,1
1,100,0,0,0,1,0,1,0,1,1,0,0,0,1,1,0
66,63.7605,4.583,47.4235,1304010.4345,1613.5,72445.024,184.5,13748.5055,166,849,18.5,764.5,24,238.5,297.5,1
1,50,0.001,0,0,2,0,2,2,2,2,0,0,0,2,2,0
66,38.7605,4.5835,47.4235,1304010.4345,1614,72445.024,185,13749.5055,166.5,849.5,18.5,764.5,24,239,298,1
1,100,0,0,0,1,0,1,0,1,1,0,0,0,1,1,0
66,63.7605,4.583,47.4235,1304010.4345,1613.5,72445.024,184.5,13748.5055,166,849,18.5,764.5,24,238.5,297.5,1
1,100,0,0,0,1,0,1,0,1,1,0,0,0,1,1,0
66,63.7605,4.583,47.4235,1304010.4345,1613.5,72445.024,184.5,13748.5055,166,849,18.5,764.5,24,238.5,297.5,1
1,50,0,0,0,2,0,1,0,1,2,0,0,0,2,2,0
66,38.7605,4.583,47.4235,1304010.4345,1614,72445.024,184.5,13748.5055,166,849.5,18.5,764.5,24,239,298,1
1,100,0,0,0,1,0,1,0,1,1,0,0,0,1,1,0
66,63.7605,4.583,47.4235,1304010.4345,1613.5,72445.024,184.5,13748.5055,166,849,18.5,764.5,24,238.5,297.5,1
1,100,0,0,0,1,0,1,0,1,1,0,0,0,1,1,0
66,63.7605,4.583,47.4235,1304010.4345,1613.5,72445.024,184.5,13748.5055,166,849,18.5,764.5,24,238.5,297.5,1
1,100,0,0,0,1,0,1,0,1,1,0,0,0,1,1,0
66,63.7605,4.583,47.4235,1304010.4345,1613.5,72445.024,184.5,13748.5055,166,849,18.5,764.5,24,238.5,297.5,1
1,100,0,0,0,1,0,1,0,1,1,0,0,0,1,1,0
66,63.7605,4.583,47.4235,1304010.4345,1613.5,72445.024,184.5,13748.5055,166,849,18.5,764.5,24,238.5,297.5,1
1,100,0,0,0,1,0,1,0,1,1,0,0,0,1,1,0
66,63.7605,4.583,47.4235,1304010.4345,1613.5,72445.024,184.5,13748.5055,166,849,18.5,764.5,24,238.5,297.5,1
1,100,0,0,0,1,0,1,0,1,1,0,0,0,1,1,0
66,63.7605,4.583,47.4235,1304010.4345,1613.5,72445.024,184.5,13748.5055,166,849,18.5,764.5,24,238.5,297.5,1
1,33.333,0.002,0,0,3,0,3,4.755,3,3,0,0,0,3,3,0
66,30.427,4.5840000000000005,47.4235,1304010.4345,1614.5,72445.024,185.5,13750.883,167,850,18.5,764.5,24,239.5,298.5,1
1,100,0,0,0,1,0,1,0,1,1,0,0,0,1,1,0
66,63.7605,4.583,47.4235,1304010.4345,1613.5,72445.024,184.5,13748.5055,166,849,18.5,764.5,24,238.5,297.5,1
1,100,0,0,0,1,0,1,0,1,1,0,0,0,1,1,0
66,63.7605,4.583,47.4235,1304010.4345,1613.5,72445.024,184.5,13748.5055,166,849,18.5,764.5,24,238.5,297.5,1
1,100,0,0,0,1,0,1,0,1,1,0,0,0,1,1,0
66,63.7605,4.583,47.4235,1304010.4345,1613.5,72445.024,184.5,13748.5055,166,849,18.5,764.5,24,238.5,297.5,1
1,100,0,0,0,1,0,1,0,1,1,0,0,0,1,1,0
66,63.7605,4.583,47.4235,1304010.4345,1613.5,72445.024,184.5,13748.5055,166,849,18.5,764.5,24,238.5,297.5,1
1,100,0,0,0,1,0,1,0,1,1,0,0,0,1,1,0
66,63.7605,4.583,47.4235,1304010.4345,1613.5,72445.024,184.5,13748.5055,166,849,18.5,764.5,24,238.5,297.5,1
1,100,0,0,0,1,0,1,0,1,1,0,0,0,1,1,0
66,63.7605,4.583,47.4235,1304010.4345,1613.5,72445.024,184.5,13748.5055,166,849,18.5,764.5,24,238.5,297.5,1
1,33.333,0.002,0,0,3,0,3,4.755,3,3,0,0,0,3,3,0
66,30.427,4.5840000000000005,47.4235,1304010.4345,1614.5,72445.024,185.5,13750.883,167,850,18.5,764.5,24,239.5,298.5,1
1,100,0,0,0,1,0,1,0,1,1,0,0,0,1,1,0
66,63.7605,4.583,47.4235,1304010.4345,1613.5,72445.024,184.5,13748.5055,166,849,18.5,764.5,24,238.5,297.5,1
1,100,0,0,0,1,0,1,0,1,1,0,0,0,1,1,0
66,63.7605,4.583,47.4235,1304010.4345,1613.5,72445.024,184.5,13748.5055,166,849,18.5,764.5,24,238.5,297.5,1
1,25,0.003,0,0,4,0,4,8,4,4,0,0,0,4,4,0
66,26.2605,4.5845,47.4235,1304010.4345,1615,72445.024,186,13752.5055,167.5,850.5,18.5,764.5,24,240,299,1
1,50,0,0,0,2,0,1,0,1,2,0,0,0,2,2,0
66,38.7605,4.583,47.4235,1304010.4345,1614,72445.024,184.5,13748.5055,166,849.5,18.5,764.5,24,239,298,1
1,25,0.003,0,0,4,0,4,8,4,4,0,0,0,4,4,0
66,26.2605,4.5845,47.4235,1304010.4345,1615,72445.024,186,13752.5055,167.5,850.5,18.5,764.5,24,240,299,1
1,100,0,0,0,1,0,1,0,1,1,0,0,0,1,1,0
66,63.7605,4.583,47.4235,1304010.4345,1613.5,72445.024,184.5,13748.5055,166,849,18.5,764.5,24,238.5,297.5,1
1,100,0,0,0,1,0,1,0,1,1,0,0,0,1,1,0
66,63.7605,4.583,47.4235,1304010.4345,1613.5,72445.024,184.5,13748.5055,166,849,18.5,764.5,24,238.5,297.5,1
1,100,0,0,0,1,0,1,0,1,1,0,0,0,1,1,0
66,63.7605,4.583,47.4235,1304010.4345,1613.5,72445.024,184.5,13748.5055,166,849,18.5,764.5,24,238.5,297.5,1
1,14.286,0.007,0,0,7,0,7,19.651,7,7,0,0,0,7,7,0
66,20.9035,4.5865,47.4235,1304010.4345,1616.5,72445.024,187.5,13758.331,169,852,18.5,764.5,24,241.5,300.5,1
1,100,0,0,0,1,0,1,0,1,1,0,0,0,1,1,0
66,63.7605,4.583,47.4235,1304010.4345,1613.5,72445.024,184.5,13748.5055,166,849,18.5,764.5,24,238.5,297.5,1
1,100,0,0,0,1,0,1,0,1,1,0,0,0,1,1,0
66,63.7605,4.583,47.4235,1304010.4345,1613.5,72445.024,184.5,13748.5055,166,849,18.5,764.5,24,238.5,297.5,1
1,100,0,0,0,1,0,1,0,1,1,0,0,0,1,1,0
66,63.7605,4.583,47.4235,1304010.4345,1613.5,72445.024,184.5,13748.5055,166,849,18.5,764.5,24,238.5,297.5,1
1,100,0,0,0,1,0,1,0,1,1,0,0,0,1,1,0
66,63.7605,4.583,47.4235,1304010.4345,1613.5,72445.024,184.5,13748.5055,166,849,18.5,764.5,24,238.5,297.5,1
1,33.333,0.002,0,0,3,0,3,4.755,3,3,0,0,0,3,3,0
66,30.427,4.5840000000000005,47.4235,1304010.4345,1614.5,72445.024,185.5,13750.883,167,850,18.5,764.5,24,239.5,298.5,1
1,100,0,0,0,1,0,1,0,1,1,0,0,0,1,1,0
66,63.7605,4.583,47.4235,1304010.4345,1613.5,72445.024,184.5,13748.5055,166,849,18.5,764.5,24,238.5,297.5,1
1,100,0,0,0,1,0,1,0,1,1,0,0,0,1,1,0
66,63.7605,4.583,47.4235,1304010.4345,1613.5,72445.024,184.5,13748.5055,166,849,18.5,764.5,24,238.5,297.5,1
1,100,0,0,0,1,0,1,0,1,1,0,0,0,1,1,0
66,63.7605,4.583,47.4235,1304010.4345,1613.5,72445.024,184.5,13748.5055,166,849,18.5,764.5,24,238.5,297.5,1
1,25,0.003,0,0,4,0,4,8,4,4,0,0,0,4,4,0
66,26.2605,4.5845,47.4235,1304010.4345,1615,72445.024,186,13752.5055,167.5,850.5,18.5,764.5,24,240,299,1
1,100,0,0,0,1,0,1,0,1,1,0,0,0,1,1,0
66,63.7605,4.583,47.4235,1304010.4345,1613.5,72445.024,184.5,13748.5055,166,849,18.5,764.5,24,238.5,297.5,1
1,100,0,0,0,1,0,1,0,1,1,0,0,0,1,1,0
66,63.7605,4.583,47.4235,1304010.4345,1613.5,72445.024,184.5,13748.5055,166,849,18.5,764.5,24,238.5,297.5,1
1,100,0,0,0,1,0,1,0,1,1,0,0,0,1,1,0
66,63.7605,4.583,47.4235,1304010.4345,1613.5,72445.024,184.5,13748.5055,166,849,18.5,764.5,24,238.5,297.5,1
1,100,0,0,0,1,0,1,0,1,1,0,0,0,1,1,0
66,63.7605,4.583,47.4235,1304010.4345,1613.5,72445.024,184.5,13748.5055,166,849,18.5,764.5,24,238.5,297.5,1
1,50,0,0,0,2,0,1,0,1,2,0,0,0,2,2,0
66,38.7605,4.583,47.4235,1304010.4345,1614,72445.024,184.5,13748.5055,166,849.5,18.5,764.5,24,239,298,1
1,100,0,0,0,1,0,1,0,1,1,0,0,0,1,1,0
66,63.7605,4.583,47.4235,1304010.4345,1613.5,72445.024,184.5,13748.5055,166,849,18.5,764.5,24,238.5,297.5,1
1,100,0,0,0,1,0,1,0,1,1,0,0,0,1,1,0
66,63.7605,4.583,47.4235,1304010.4345,1613.5,72445.024,184.5,13748.5055,166,849,18.5,764.5,24,238.5,297.5,1
1,100,0,0,0,1,0,1,0,1,1,0,0,0,1,1,0
66,63.7605,4.583,47.4235,1304010.4345,1613.5,72445.024,184.5,13748.5055,166,849,18.5,764.5,24,238.5,297.5,1
1,100,0,0,0,1,0,1,0,1,1,0,0,0,1,1,0
66,63.7605,4.583,47.4235,1304010.4345,1613.5,72445.024,184.5,13748.5055,166,849,18.5,764.5,24,238.5,297.5,1
1,20,0.004,0,0,5,0,5,11.61,5,5,0,0,0,5,5,0
66,23.7605,4.585,47.4235,1304010.4345,1615.5,72445.024,186.5,13754.3105,168,851,18.5,764.5,24,240.5,299.5,1
1,25,0.003,0,0,4,0,4,8,4,4,0,0,0,4,4,0
66,26.2605,4.5845,47.4235,1304010.4345,1615,72445.024,186,13752.5055,167.5,850.5,18.5,764.5,24,240,299,1
1,100,0,0,0,1,0,1,0,1,1,0,0,0,1,1,0
66,63.7605,4.583,47.4235,1304010.4345,1613.5,72445.024,184.5,13748.5055,166,849,18.5,764.5,24,238.5,297.5,1
1,100,0,0,0,1,0,1,0,1,1,0,0,0,1,1,0
66,63.7605,4.583,47.4235,1304010.4345,1613.5,72445.024,184.5,13748.5055,166,849,18.5,764.5,24,238.5,297.5,1
1,100,0,0,0,1,0,1,0,1,1,0,0,0,1,1,0
66,63.7605,4.583,47.4235,1304010.4345,1613.5,72445.024,184.5,13748.5055,166,849,18.5,764.5,24,238.5,297.5,1
1,9.091,0.013,0,0,11,0,11,38.054,11,11,0,0,0,11,11,0
66,18.306,4.5895,47.4235,1304010.4345,1618.5,72445.024,189.5,13767.5325,171,854,18.5,764.5,24,243.5,302.5,1
1,100,0,0,0,1,0,1,0,1,1,0,0,0,1,1,0
66,63.7605,4.583,47.4235,1304010.4345,1613.5,72445.024,184.5,13748.5055,166,849,18.5,764.5,24,238.5,297.5,1
1,33.333,0,0,0,3,0,1,0,1,3,0,0,0,3,3,0
66,30.427,4.583,47.4235,1304010.4345,1614.5,72445.024,184.5,13748.5055,166,850,18.5,764.5,24,239.5,298.5,1
1,11.111,0.01,0,0,9,0,9,28.529,9,9,0,0,0,9,9,0
66,19.316000000000003,4.588,47.4235,1304010.4345,1617.5,72445.024,188.5,13762.769999999999,170,853,18.5,764.5,24,242.5,301.5,1
1,100,0,0,0,1,0,1,0,1,1,0,0,0,1,1,0
66,63.7605,4.583,47.4235,1304010.4345,1613.5,72445.024,184.5,13748.5055,166,849,18.5,764.5,24,238.5,297.5,1
1,100,0,0,0,1,0,1,0,1,1,0,0,0,1,1,0
66,63.7605,4.583,47.4235,1304010.4345,1613.5,72445.024,184.5,13748.5055,166,849,18.5,764.5,24,238.5,297.5,1
1,100,0,0,0,1,0,1,0,1,1,0,0,0,1,1,0
66,63.7605,4.583,47.4235,1304010.4345,1613.5,72445.024,184.5,13748.5055,166,849,18.5,764.5,24,238.5,297.5,1
1,100,0,0,0,1,0,1,0,1,1,0,0,0,1,1,0
66,63.7605,4.583,47.4235,1304010.4345,1613.5,72445.024,184.5,13748.5055,166,849,18.5,764.5,24,238.5,297.5,1
1,50,0.001,0,0,2,0,2,2,2,2,0,0,0,2,2,0
66,38.7605,4.5835,47.4235,1304010.4345,1614,72445.024,185,13749.5055,166.5,849.5,18.5,764.5,24,239,298,1
1,25,0.003,0,0,4,0,4,8,4,4,0,0,0,4,4,0
66,26.2605,4.5845,47.4235,1304010.4345,1615,72445.024,186,13752.5055,167.5,850.5,18.5,764.5,24,240,299,1
1,9.091,0.012,0,0,11,0,9,34.869,9,11,0,0,0,11,11,0
66,18.306,4.589,47.4235,1304010.4345,1618.5,72445.024,188.5,13765.939999999999,170,854,18.5,764.5,24,243.5,302.5,1
1,100,0,0,0,1,0,1,0,1,1,0,0,0,1,1,0
66,63.7605,4.583,47.4235,1304010.4345,1613.5,72445.024,184.5,13748.5055,166,849,18.5,764.5,24,238.5,297.5,1
1,8.333,0.014,0,0,12,0,11,41.513,11,12,0,0,0,12,12,0
66,17.927,4.59,47.4235,1304010.4345,1619,72445.024,189.5,13769.261999999999,171,854.5,18.5,764.5,24,244,303,1
1,100,0,0,0,1,0,1,0,1,1,0,0,0,1,1,0
66,63.7605,4.583,47.4235,1304010.4345,1613.5,72445.024,184.5,13748.5055,166,849,18.5,764.5,24,238.5,297.5,1
1,100,0,0,0,1,0,1,0,1,1,0,0,0,1,1,0
66,63.7605,4.583,47.4235,1304010.4345,1613.5,72445.024,184.5,13748.5055,166,849,18.5,764.5,24,238.5,297.5,1
1,100,0,0,0,1,0,1,0,1,1,0,0,0,1,1,0
66,63.7605,4.583,47.4235,1304010.4345,1613.5,72445.024,184.5,13748.5055,166,849,18.5,764.5,24,238.5,297.5,1
1,25,0.003,0,0,4,0,4,8,4,4,0,0,0,4,4,0
66,26.2605,4.5845,47.4235,1304010.4345,1615,72445.024,186,13752.5055,167.5,850.5,18.5,764.5,24,240,299,1
1,100,0,0,0,1,0,1,0,1,1,0,0,0,1,1,0
66,63.7605,4.583,47.4235,1304010.4345,1613.5,72445.024,184.5,13748.5055,166,849,18.5,764.5,24,238.5,297.5,1
1,50,0,0,0,2,0,1,0,1,2,0,0,0,2,2,0
66,38.7605,4.583,47.4235,1304010.4345,1614,72445.024,184.5,13748.5055,166,849.5,18.5,764.5,24,239,298,1
1,50,0,0,0,2,0,1,0,1,2,0,0,0,2,2,0
66,38.7605,4.583,47.4235,1304010.4345,1614,72445.024,184.5,13748.5055,166,849.5,18.5,764.5,24,239,298,1
1,100,0,0,0,1,0,1,0,1,1,0,0,0,1,1,0
66,63.7605,4.583,47.4235,1304010.4345,1613.5,72445.024,184.5,13748.5055,166,849,18.5,764.5,24,238.5,297.5,1
1,100,0,0,0,1,0,1,0,1,1,0,0,0,1,1,0
66,63.7605,4.583,47.4235,1304010.4345,1613.5,72445.024,184.5,13748.5055,166,849,18.5,764.5,24,238.5,297.5,1
1,50,0.001,0,0,2,0,2,2,2,2,0,0,0,2,2,0
66,38.7605,4.5835,47.4235,1304010.4345,1614,72445.024,185,13749.5055,166.5,849.5,18.5,764.5,24,239,298,1
1,100,0,0,0,1,0,1,0,1,1,0,0,0,1,1,0
66,63.7605,4.583,47.4235,1304010.4345,1613.5,72445.024,184.5,13748.5055,166,849,18.5,764.5,24,238.5,297.5,1
1,100,0,0,0,1,0,1,0,1,1,0,0,0,1,1,0
66,63.7605,4.583,47.4235,1304010.4345,1613.5,72445.024,184.5,13748.5055,166,849,18.5,764.5,24,238.5,297.5,1
1,12.5,0.008,0,0,8,0,8,24,8,8,0,0,0,8,8,0
66,20.0105,4.587,47.4235,1304010.4345,1617,72445.024,188,13760.5055,169.5,852.5,18.5,764.5,24,242,301,1
1,100,0,0,0,1,0,1,0,1,1,0,0,0,1,1,0
66,63.7605,4.583,47.4235,1304010.4345,1613.5,72445.024,184.5,13748.5055,166,849,18.5,764.5,24,238.5,297.5,1
1,33.333,0.002,0,0,3,0,3,4.755,3,3,0,0,0,3,3,0
66,30.427,4.5840000000000005,47.4235,1304010.4345,1614.5,72445.024,185.5,13750.883,167,850,18.5,764.5,24,239.5,298.5,1
1,100,0,0,0,1,0,1,0,1,1,0,0,0,1,1,0
66,63.7605,4.583,47.4235,1304010.4345,1613.5,72445.024,184.5,13748.5055,166,849,18.5,764.5,24,238.5,297.5,1
1,100,0,0,0,1,0,1,0,1,1,0,0,0,1,1,0
66,63.7605,4.583,47.4235,1304010.4345,1613.5,72445.024,184.5,13748.5055,166,849,18.5,764.5,24,238.5,297.5,1
1,16.667,0,0,0,6,0,1,0,1,6,0,0,0,6,6,0
66,22.094,4.583,47.4235,1304010.4345,1616,72445.024,184.5,13748.5055,166,851.5,18.5,764.5,24,241,300,1
1,100,0,0,0,1,0,1,0,1,1,0,0,0,1,1,0
66,63.7605,4.583,47.4235,1304010.4345,1613.5,72445.024,184.5,13748.5055,166,849,18.5,764.5,24,238.5,297.5,1
1,100,0,0,0,1,0,1,0,1,1,0,0,0,1,1,0
66,63.7605,4.583,47.4235,1304010.4345,1613.5,72445.024,184.5,13748.5055,166,849,18.5,764.5,24,238.5,297.5,1
1,100,0,0,0,1,0,1,0,1,1,0,0,0,1,1,0
66,63.7605,4.583,47.4235,1304010.4345,1613.5,72445.024,184.5,13748.5055,166,849,18.5,764.5,24,238.5,297.5,1
1,50,0.001,0,0,2,0,2,2,2,2,0,0,0,2,2,0
66,38.7605,4.5835,47.4235,1304010.4345,1614,72445.024,185,13749.5055,166.5,849.5,18.5,764.5,24,239,298,1
1,100,0,0,0,1,0,1,0,1,1,0,0,0,1,1,0
66,63.7605,4.583,47.4235,1304010.4345,1613.5,72445.024,184.5,13748.5055,166,849,18.5,764.5,24,238.5,297.5,1
1,100,0,0,0,1,0,1,0,1,1,0,0,0,1,1,0
66,63.7605,4.583,47.4235,1304010.4345,1613.5,72445.024,184.5,13748.5055,166,849,18.5,764.5,24,238.5,297.5,1
1,8.333,0.014,0,0,12,0,12,43.02,12,12,0,0,0,12,12,0
66,17.927,4.59,47.4235,1304010.4345,1619,72445.024,190,13770.0155,171.5,854.5,18.5,764.5,24,244,303,1
1,100,0,0,0,1,0,1,0,1,1,0,0,0,1,1,0
66,63.7605,4.583,47.4235,1304010.4345,1613.5,72445.024,184.5,13748.5055,166,849,18.5,764.5,24,238.5,297.5,1
1,20,0.004,0,0,5,0,5,11.61,5,5,0,0,0,5,5,0
66,23.7605,4.585,47.4235,1304010.4345,1615.5,72445.024,186.5,13754.3105,168,851,18.5,764.5,24,240.5,299.5,1
1,50,0.001,0,0,2,0,2,2,2,2,0,0,0,2,2,0
66,38.7605,4.5835,47.4235,1304010.4345,1614,72445.024,185,13749.5055,166.5,849.5,18.5,764.5,24,239,298,1
1,100,0,0,0,1,0,1,0,1,1,0,0,0,1,1,0
66,63.7605,4.583,47.4235,1304010.4345,1613.5,72445.024,184.5,13748.5055,166,849,18.5,764.5,24,238.5,297.5,1
1,20,0.004,0,0,5,0,5,11.61,5,5,0,0,0,5,5,0
66,23.7605,4.585,47.4235,1304010.4345,1615.5,72445.024,186.5,13754.3105,168,851,18.5,764.5,24,240.5,299.5,1
1,100,0,0,0,1,0,1,0,1,1,0,0,0,1,1,0
66,63.7605,4.583,47.4235,1304010.4345,1613.5,72445.024,184.5,13748.5055,166,849,18.5,764.5,24,238.5,297.5,1
1,33.333,0.002,0,0,3,0,3,4.755,3,3,0,0,0,3,3,0
66,30.427,4.5840000000000005,47.4235,1304010.4345,1614.5,72445.024,185.5,13750.883,167,850,18.5,764.5,24,239.5,298.5,1
1,50,0,0,0,2,0,1,0,1,2,0,0,0,2,2,0
66,38.7605,4.583,47.4235,1304010.4345,1614,72445.024,184.5,13748.5055,166,849.5,18.5,764.5,24,239,298,1
1,50,0.001,0,0,2,0,2,2,2,2,0,0,0,2,2,0
66,38.7605,4.5835,47.4235,1304010.4345,1614,72445.024,185,13749.5055,166.5,849.5,18.5,764.5,24,239,298,1
1,100,0,0,0,1,0,1,0,1,1,0,0,0,1,1,0
66,63.7605,4.583,47.4235,1304010.4345,1613.5,72445.024,184.5,13748.5055,166,849,18.5,764.5,24,238.5,297.5,1
1,100,0,0,0,1,0,1,0,1,1,0,0,0,1,1,0
66,63.7605,4.583,47.4235,1304010.4345,1613.5,72445.024,184.5,13748.5055,166,849,18.5,764.5,24,238.5,297.5,1
1,50,0.001,0,0,2,0,2,2,2,2,0,0,0,2,2,0
66,38.7605,4.5835,47.4235,1304010.4345,1614,72445.024,185,13749.5055,166.5,849.5,18.5,764.5,24,239,298,1
1,50,0,0,0,2,0,1,0,1,2,0,0,0,2,2,0
66,38.7605,4.583,47.4235,1304010.4345,1614,72445.024,184.5,13748.5055,166,849.5,18.5,764.5,24,239,298,1
1,100,0,0,0,1,0,1,0,1,1,0,0,0,1,1,0
66,63.7605,4.583,47.4235,1304010.4345,1613.5,72445.024,184.5,13748.5055,166,849,18.5,764.5,24,238.5,297.5,1
1,100,0,0,0,1,0,1,0,1,1,0,0,0,1,1,0
66,63.7605,4.583,47.4235,1304010.4345,1613.5,72445.024,184.5,13748.5055,166,849,18.5,764.5,24,238.5,297.5,1
1,100,0,0,0,1,0,1,0,1,1,0,0,0,1,1,0
66,63.7605,4.583,47.4235,1304010.4345,1613.5,72445.024,184.5,13748.5055,166,849,18.5,764.5,24,238.5,297.5,1
1,100,0,0,0,1,0,1,0,1,1,0,0,0,1,1,0
66,63.7605,4.583,47.4235,1304010.4345,1613.5,72445.024,184.5,13748.5055,166,849,18.5,764.5,24,238.5,297.5,1
1,100,0,0,0,1,0,1,0,1,1,0,0,0,1,1,0
66,63.7605,4.583,47.4235,1304010.4345,1613.5,72445.024,184.5,13748.5055,166,849,18.5,764.5,24,238.5,297.5,1
1,100,0,0,0,1,0,1,0,1,1,0,0,0,1,1,0
66,63.7605,4.583,47.4235,1304010.4345,1613.5,72445.024,184.5,13748.5055,166,849,18.5,764.5,24,238.5,297.5,1
1,100,0,0,0,1,0,1,0,1,1,0,0,0,1,1,0
66,63.7605,4.583,47.4235,1304010.4345,1613.5,72445.024,184.5,13748.5055,166,849,18.5,764.5,24,238.5,297.5,1
1,100,0,0,0,1,0,1,0,1,1,0,0,0,1,1,0
66,63.7605,4.583,47.4235,1304010.4345,1613.5,72445.024,184.5,13748.5055,166,849,18.5,764.5,24,238.5,297.5,1
1,100,0,0,0,1,0,1,0,1,1,0,0,0,1,1,0
66,63.7605,4.583,47.4235,1304010.4345,1613.5,72445.024,184.5,13748.5055,166,849,18.5,764.5,24,238.5,297.5,1
1,100,0,0,0,1,0,1,0,1,1,0,0,0,1,1,0
66,63.7605,4.583,47.4235,1304010.4345,1613.5,72445.024,184.5,13748.5055,166,849,18.5,764.5,24,238.5,297.5,1
1,100,0,0,0,1,0,1,0,1,1,0,0,0,1,1,0
66,63.7605,4.583,47.4235,1304010.4345,1613.5,72445.024,184.5,13748.5055,166,849,18.5,764.5,24,238.5,297.5,1
1,100,0,0,0,1,0,1,0,1,1,0,0,0,1,1,0
66,63.7605,4.583,47.4235,1304010.4345,1613.5,72445.024,184.5,13748.5055,166,849,18.5,764.5,24,238.5,297.5,1
1,100,0,0,0,1,0,1,0,1,1,0,0,0,1,1,0
66,63.7605,4.583,47.4235,1304010.4345,1613.5,72445.024,184.5,13748.5055,166,849,18.5,764.5,24,238.5,297.5,1
1,100,0,0,0,1,0,1,0,1,1,0,0,0,1,1,0
66,63.7605,4.583,47.4235,1304010.4345,1613.5,72445.024,184.5,13748.5055,166,849,18.5,764.5,24,238.5,297.5,1
1,12.5,0.008,0,0,8,0,8,24,8,8,0,0,0,8,8,0
66,20.0105,4.587,47.4235,1304010.4345,1617,72445.024,188,13760.5055,169.5,852.5,18.5,764.5,24,242,301,1
1,100,0,0,0,1,0,1,0,1,1,0,0,0,1,1,0
66,63.7605,4.583,47.4235,1304010.4345,1613.5,72445.024,184.5,13748.5055,166,849,18.5,764.5,24,238.5,297.5,1
1,100,0,0,0,1,0,1,0,1,1,0,0,0,1,1,0
66,63.7605,4.583,47.4235,1304010.4345,1613.5,72445.024,184.5,13748.5055,166,849,18.5,764.5,24,238.5,297.5,1
1,100,0,0,0,1,0,1,0,1,1,0,0,0,1,1,0
66,63.7605,4.583,47.4235,1304010.4345,1613.5,72445.024,184.5,13748.5055,166,849,18.5,764.5,24,238.5,297.5,1
1,100,0,0,0,1,0,1,0,1,1,0,0,0,1,1,0
66,63.7605,4.583,47.4235,1304010.4345,1613.5,72445.024,184.5,13748.5055,166,849,18.5,764.5,24,238.5,297.5,1
1,100,0,0,0,1,0,1,0,1,1,0,0,0,1,1,0
66,63.7605,4.583,47.4235,1304010.4345,1613.5,72445.024,184.5,13748.5055,166,849,18.5,764.5,24,238.5,297.5,1
1,100,0,0,0,1,0,1,0,1,1,0,0,0,1,1,0
66,63.7605,4.583,47.4235,1304010.4345,1613.5,72445.024,184.5,13748.5055,166,849,18.5,764.5,24,238.5,297.5,1
1,100,0,0,0,1,0,1,0,1,1,0,0,0,1,1,0
66,63.7605,4.583,47.4235,1304010.4345,1613.5,72445.024,184.5,13748.5055,166,849,18.5,764.5,24,238.5,297.5,1
1,100,0,0,0,1,0,1,0,1,1,0,0,0,1,1,0
66,63.7605,4.583,47.4235,1304010.4345,1613.5,72445.024,184.5,13748.5055,166,849,18.5,764.5,24,238.5,297.5,1
1,100,0,0,0,1,0,1,0,1,1,0,0,0,1,1,0
66,63.7605,4.583,47.4235,1304010.4345,1613.5,72445.024,184.5,13748.5055,166,849,18.5,764.5,24,238.5,297.5,1
1,100,0,0,0,1,0,1,0,1,1,0,0,0,1,1,0
66,63.7605,4.583,47.4235,1304010.4345,1613.5,72445.024,184.5,13748.5055,166,849,18.5,764.5,24,238.5,297.5,1
1,100,0,0,0,1,0,1,0,1,1,0,0,0,1,1,0
66,63.7605,4.583,47.4235,1304010.4345,1613.5,72445.024,184.5,13748.5055,166,849,18.5,764.5,24,238.5,297.5,1
1,100,0,0,0,1,0,1,0,1,1,0,0,0,1,1,0
66,63.7605,4.583,47.4235,1304010.4345,1613.5,72445.024,184.5,13748.5055,166,849,18.5,764.5,24,238.5,297.5,1
1,100,0,0,0,1,0,1,0,1,1,0,0,0,1,1,0
66,63.7605,4.583,47.4235,1304010.4345,1613.5,72445.024,184.5,13748.5055,166,849,18.5,764.5,24,238.5,297.5,1
1,100,0,0,0,1,0,1,0,1,1,0,0,0,1,1,0
66,63.7605,4.583,47.4235,1304010.4345,1613.5,72445.024,184.5,13748.5055,166,849,18.5,764.5,24,238.5,297.5,1
1,100,0,0,0,1,0,1,0,1,1,0,0,0,1,1,0
66,63.7605,4.583,47.4235,1304010.4345,1613.5,72445.024,184.5,13748.5055,166,849,18.5,764.5,24,238.5,297.5,1
1,100,0,0,0,1,0,1,0,1,1,0,0,0,1,1,0
66,63.7605,4.583,47.4235,1304010.4345,1613.5,72445.024,184.5,13748.5055,166,849,18.5,764.5,24,238.5,297.5,1
1,100,0,0,0,1,0,1,0,1,1,0,0,0,1,1,0
66,63.7605,4.583,47.4235,1304010.4345,1613.5,72445.024,184.5,13748.5055,166,849,18.5,764.5,24,238.5,297.5,1
1,100,0,0,0,1,0,1,0,1,1,0,0,0,1,1,0
66,63.7605,4.583,47.4235,1304010.4345,1613.5,72445.024,184.5,13748.5055,166,849,18.5,764.5,24,238.5,297.5,1
1,100,0,0,0,1,0,1,0,1,1,0,0,0,1,1,0
66,63.7605,4.583,47.4235,1304010.4345,1613.5,72445.024,184.5,13748.5055,166,849,18.5,764.5,24,238.5,297.5,1
1,33.333,0.002,0,0,3,0,3,4.755,3,3,0,0,0,3,3,0
66,30.427,4.5840000000000005,47.4235,1304010.4345,1614.5,72445.024,185.5,13750.883,167,850,18.5,764.5,24,239.5,298.5,1
1,50,0.001,0,0,2,0,2,2,2,2,0,0,0,2,2,0
66,38.7605,4.5835,47.4235,1304010.4345,1614,72445.024,185,13749.5055,166.5,849.5,18.5,764.5,24,239,298,1
1,33.333,0.002,0,0,3,0,3,4.755,3,3,0,0,0,3,3,0
66,30.427,4.5840000000000005,47.4235,1304010.4345,1614.5,72445.024,185.5,13750.883,167,850,18.5,764.5,24,239.5,298.5,1
1,100,0,0,0,1,0,1,0,1,1,0,0,0,1,1,0
66,63.7605,4.583,47.4235,1304010.4345,1613.5,72445.024,184.5,13748.5055,166,849,18.5,764.5,24,238.5,297.5,1
1,100,0,0,0,1,0,1,0,1,1,0,0,0,1,1,0
66,63.7605,4.583,47.4235,1304010.4345,1613.5,72445.024,184.5,13748.5055,166,849,18.5,764.5,24,238.5,297.5,1
1,5.882,0.023,0,0,17,0,17,69.487,17,17,0,0,0,17,17,0
66,16.7015,4.5945,47.4235,1304010.4345,1621.5,72445.024,192.5,13783.249,174,857,18.5,764.5,24,246.5,305.5,1
1,20,0.003,0,0,5,0,4,10,4,5,0,0,0,5,5,0
66,23.7605,4.5845,47.4235,1304010.4345,1615.5,72445.024,186,13753.5055,167.5,851,18.5,764.5,24,240.5,299.5,1
1,100,0,0,0,1,0,1,0,1,1,0,0,0,1,1,0
66,63.7605,4.583,47.4235,1304010.4345,1613.5,72445.024,184.5,13748.5055,166,849,18.5,764.5,24,238.5,297.5,1
1,100,0,0,0,1,0,1,0,1,1,0,0,0,1,1,0
66,63.7605,4.583,47.4235,1304010.4345,1613.5,72445.024,184.5,13748.5055,166,849,18.5,764.5,24,238.5,297.5,1
1,100,0,0,0,1,0,1,0,1,1,0,0,0,1,1,0
66,63.7605,4.583,47.4235,1304010.4345,1613.5,72445.024,184.5,13748.5055,166,849,18.5,764.5,24,238.5,297.5,1
1,100,0,0,0,1,0,1,0,1,1,0,0,0,1,1,0
66,63.7605,4.583,47.4235,1304010.4345,1613.5,72445.024,184.5,13748.5055,166,849,18.5,764.5,24,238.5,297.5,1
1,20,0.004,0,0,5,0,5,11.61,5,5,0,0,0,5,5,0
66,23.7605,4.585,47.4235,1304010.4345,1615.5,72445.024,186.5,13754.3105,168,851,18.5,764.5,24,240.5,299.5,1
1,100,0,0,0,1,0,1,0,1,1,0,0,0,1,1,0
66,63.7605,4.583,47.4235,1304010.4345,1613.5,72445.024,184.5,13748.5055,166,849,18.5,764.5,24,238.5,297.5,1
1,100,0,0,0,1,0,1,0,1,1,0,0,0,1,1,0
66,63.7605,4.583,47.4235,1304010.4345,1613.5,72445.024,184.5,13748.5055,166,849,18.5,764.5,24,238.5,297.5,1
1,100,0,0,0,1,0,1,0,1,1,0,0,0,1,1,0
66,63.7605,4.583,47.4235,1304010.4345,1613.5,72445.024,184.5,13748.5055,166,849,18.5,764.5,24,238.5,297.5,1
1,100,0,0,0,1,0,1,0,1,1,0,0,0,1,1,0
66,63.7605,4.583,47.4235,1304010.4345,1613.5,72445.024,184.5,13748.5055,166,849,18.5,764.5,24,238.5,297.5,1
1,100,0,0,0,1,0,1,0,1,1,0,0,0,1,1,0
66,63.7605,4.583,47.4235,1304010.4345,1613.5,72445.024,184.5,13748.5055,166,849,18.5,764.5,24,238.5,297.5,1
1,100,0,0,0,1,0,1,0,1,1,0,0,0,1,1,0
66,63.7605,4.583,47.4235,1304010.4345,1613.5,72445.024,184.5,13748.5055,166,849,18.5,764.5,24,238.5,297.5,1
1,25,0.003,0,0,4,0,4,8,4,4,0,0,0,4,4,0
66,26.2605,4.5845,47.4235,1304010.4345,1615,72445.024,186,13752.5055,167.5,850.5,18.5,764.5,24,240,299,1
1,50,0,0,0,2,0,1,0,1,2,0,0,0,2,2,0
66,38.7605,4.583,47.4235,1304010.4345,1614,72445.024,184.5,13748.5055,166,849.5,18.5,764.5,24,239,298,1
1,100,0,0,0,1,0,1,0,1,1,0,0,0,1,1,0
66,63.7605,4.583,47.4235,1304010.4345,1613.5,72445.024,184.5,13748.5055,166,849,18.5,764.5,24,238.5,297.5,1
1,20,0.003,0,0,5,0,4,10,4,5,0,0,0,5,5,0
66,23.7605,4.5845,47.4235,1304010.4345,1615.5,72445.024,186,13753.5055,167.5,851,18.5,764.5,24,240.5,299.5,1
1,100,0,0,0,1,0,1,0,1,1,0,0,0,1,1,0
66,63.7605,4.583,47.4235,1304010.4345,1613.5,72445.024,184.5,13748.5055,166,849,18.5,764.5,24,238.5,297.5,1
1,100,0,0,0,1,0,1,0,1,1,0,0,0,1,1,0
66,63.7605,4.583,47.4235,1304010.4345,1613.5,72445.024,184.5,13748.5055,166,849,18.5,764.5,24,238.5,297.5,1
1,100,0,0,0,1,0,1,0,1,1,0,0,0,1,1,0
66,63.7605,4.583,47.4235,1304010.4345,1613.5,72445.024,184.5,13748.5055,166,849,18.5,764.5,24,238.5,297.5,1
1,100,0,0,0,1,0,1,0,1,1,0,0,0,1,1,0
66,63.7605,4.583,47.4235,1304010.4345,1613.5,72445.024,184.5,13748.5055,166,849,18.5,764.5,24,238.5,297.5,1
1,100,0,0,0,1,0,1,0,1,1,0,0,0,1,1,0
66,63.7605,4.583,47.4235,1304010.4345,1613.5,72445.024,184.5,13748.5055,166,849,18.5,764.5,24,238.5,297.5,1
1,100,0,0,0,1,0,1,0,1,1,0,0,0,1,1,0
66,63.7605,4.583,47.4235,1304010.4345,1613.5,72445.024,184.5,13748.5055,166,849,18.5,764.5,24,238.5,297.5,1
1,100,0,0,0,1,0,1,0,1,1,0,0,0,1,1,0
66,63.7605,4.583,47.4235,1304010.4345,1613.5,72445.024,184.5,13748.5055,166,849,18.5,764.5,24,238.5,297.5,1
1,100,0,0,0,1,0,1,0,1,1,0,0,0,1,1,0
66,63.7605,4.583,47.4235,1304010.4345,1613.5,72445.024,184.5,13748.5055,166,849,18.5,764.5,24,238.5,297.5,1
1,100,0,0,0,1,0,1,0,1,1,0,0,0,1,1,0
66,63.7605,4.583,47.4235,1304010.4345,1613.5,72445.024,184.5,13748.5055,166,849,18.5,764.5,24,238.5,297.5,1
1,100,0,0,0,1,0,1,0,1,1,0,0,0,1,1,0
66,63.7605,4.583,47.4235,1304010.4345,1613.5,72445.024,184.5,13748.5055,166,849,18.5,764.5,24,238.5,297.5,1
1,16.667,0.005,0,0,6,0,6,15.51,6,6,0,0,0,6,6,0
66,22.094,4.585500000000001,47.4235,1304010.4345,1616,72445.024,187,13756.260499999999,168.5,851.5,18.5,764.5,24,241,300,1
1,100,0,0,0,1,0,1,0,1,1,0,0,0,1,1,0
66,63.7605,4.583,47.4235,1304010.4345,1613.5,72445.024,184.5,13748.5055,166,849,18.5,764.5,24,238.5,297.5,1
1,100,0,0,0,1,0,1,0,1,1,0,0,0,1,1,0
66,63.7605,4.583,47.4235,1304010.4345,1613.5,72445.024,184.5,13748.5055,166,849,18.5,764.5,24,238.5,297.5,1
1,100,0,0,0,1,0,1,0,1,1,0,0,0,1,1,0
66,63.7605,4.583,47.4235,1304010.4345,1613.5,72445.024,184.5,13748.5055,166,849,18.5,764.5,24,238.5,297.5,1
1,100,0,0,0,1,0,1,0,1,1,0,0,0,1,1,0
66,63.7605,4.583,47.4235,1304010.4345,1613.5,72445.024,184.5,13748.5055,166,849,18.5,764.5,24,238.5,297.5,1
1,11.111,0.01,0,0,9,0,9,28.529,9,9,0,0,0,9,9,0
66,19.316000000000003,4.588,47.4235,1304010.4345,1617.5,72445.024,188.5,13762.769999999999,170,853,18.5,764.5,24,242.5,301.5,1
1,100,0,0,0,1,0,1,0,1,1,0,0,0,1,1,0
66,63.7605,4.583,47.4235,1304010.4345,1613.5,72445.024,184.5,13748.5055,166,849,18.5,764.5,24,238.5,297.5,1
1,8.333,0.014,0,0,12,0,12,43.02,12,12,0,0,0,12,12,0
66,17.927,4.59,47.4235,1304010.4345,1619,72445.024,190,13770.0155,171.5,854.5,18.5,764.5,24,244,303,1
1,100,0,0,0,1,0,1,0,1,1,0,0,0,1,1,0
66,63.7605,4.583,47.4235,1304010.4345,1613.5,72445.024,184.5,13748.5055,166,849,18.5,764.5,24,238.5,297.5,1
1,100,0,0,0,1,0,1,0,1,1,0,0,0,1,1,0
66,63.7605,4.583,47.4235,1304010.4345,1613.5,72445.024,184.5,13748.5055,166,849,18.5,764.5,24,238.5,297.5,1
1,100,0,0,0,1,0,1,0,1,1,0,0,0,1,1,0
66,63.7605,4.583,47.4235,1304010.4345,1613.5,72445.024,184.5,13748.5055,166,849,18.5,764.5,24,238.5,297.5,1
1,25,0.003,0,0,4,0,4,8,4,4,0,0,0,4,4,0
66,26.2605,4.5845,47.4235,1304010.4345,1615,72445.024,186,13752.5055,167.5,850.5,18.5,764.5,24,240,299,1
1,100,0,0,0,1,0,1,0,1,1,0,0,0,1,1,0
66,63.7605,4.583,47.4235,1304010.4345,1613.5,72445.024,184.5,13748.5055,166,849,18.5,764.5,24,238.5,297.5,1
1,100,0,0,0,1,0,1,0,1,1,0,0,0,1,1,0
66,63.7605,4.583,47.4235,1304010.4345,1613.5,72445.024,184.5,13748.5055,166,849,18.5,764.5,24,238.5,297.5,1
1,100,0,0,0,1,0,1,0,1,1,0,0,0,1,1,0
66,63.7605,4.583,47.4235,1304010.4345,1613.5,72445.024,184.5,13748.5055,166,849,18.5,764.5,24,238.5,297.5,1
1,33.333,0.002,0,0,3,0,3,4.755,3,3,0,0,0,3,3,0
66,30.427,4.5840000000000005,47.4235,1304010.4345,1614.5,72445.024,185.5,13750.883,167,850,18.5,764.5,24,239.5,298.5,1
1,100,0,0,0,1,0,1,0,1,1,0,0,0,1,1,0
66,63.7605,4.583,47.4235,1304010.4345,1613.5,72445.024,184.5,13748.5055,166,849,18.5,764.5,24,238.5,297.5,1
1,100,0,0,0,1,0,1,0,1,1,0,0,0,1,1,0
66,63.7605,4.583,47.4235,1304010.4345,1613.5,72445.024,184.5,13748.5055,166,849,18.5,764.5,24,238.5,297.5,1
1,10,0.011,0,0,10,0,9,31.699,9,10,0,0,0,10,10,0
66,18.7605,4.5885,47.4235,1304010.4345,1618,72445.024,188.5,13764.355,170,853.5,18.5,764.5,24,243,302,1
1,100,0,0,0,1,0,1,0,1,1,0,0,0,1,1,0
66,63.7605,4.583,47.4235,1304010.4345,1613.5,72445.024,184.5,13748.5055,166,849,18.5,764.5,24,238.5,297.5,1
1,100,0,0,0,1,0,1,0,1,1,0,0,0,1,1,0
66,63.7605,4.583,47.4235,1304010.4345,1613.5,72445.024,184.5,13748.5055,166,849,18.5,764.5,24,238.5,297.5,1
1,100,0,0,0,1,0,1,0,1,1,0,0,0,1,1,0
66,63.7605,4.583,47.4235,1304010.4345,1613.5,72445.024,184.5,13748.5055,166,849,18.5,764.5,24,238.5,297.5,1
1,100,0,0,0,1,0,1,0,1,1,0,0,0,1,1,0
66,63.7605,4.583,47.4235,1304010.4345,1613.5,72445.024,184.5,13748.5055,166,849,18.5,764.5,24,238.5,297.5,1
1,100,0,0,0,1,0,1,0,1,1,0,0,0,1,1,0
66,63.7605,4.583,47.4235,1304010.4345,1613.5,72445.024,184.5,13748.5055,166,849,18.5,764.5,24,238.5,297.5,1
1,100,0,0,0,1,0,1,0,1,1,0,0,0,1,1,0
66,63.7605,4.583,47.4235,1304010.4345,1613.5,72445.024,184.5,13748.5055,166,849,18.5,764.5,24,238.5,297.5,1
1,50,0.001,0,0,2,0,2,2,2,2,0,0,0,2,2,0
66,38.7605,4.5835,47.4235,1304010.4345,1614,72445.024,185,13749.5055,166.5,849.5,18.5,764.5,24,239,298,1
1,33.333,0.002,0,0,3,0,3,4.755,3,3,0,0,0,3,3,0
66,30.427,4.5840000000000005,47.4235,1304010.4345,1614.5,72445.024,185.5,13750.883,167,850,18.5,764.5,24,239.5,298.5,1
1,25,0.003,0,0,4,0,4,8,4,4,0,0,0,4,4,0
66,26.2605,4.5845,47.4235,1304010.4345,1615,72445.024,186,13752.5055,167.5,850.5,18.5,764.5,24,240,299,1
1,100,0,0,0,1,0,1,0,1,1,0,0,0,1,1,0
66,63.7605,4.583,47.4235,1304010.4345,1613.5,72445.024,184.5,13748.5055,166,849,18.5,764.5,24,238.5,297.5,1
1,100,0,0,0,1,0,1,0,1,1,0,0,0,1,1,0
66,63.7605,4.583,47.4235,1304010.4345,1613.5,72445.024,184.5,13748.5055,166,849,18.5,764.5,24,238.5,297.5,1
1,100,0,0,0,1,0,1,0,1,1,0,0,0,1,1,0
66,63.7605,4.583,47.4235,1304010.4345,1613.5,72445.024,184.5,13748.5055,166,849,18.5,764.5,24,238.5,297.5,1
1,100,0,0,0,1,0,1,0,1,1,0,0,0,1,1,0
66,63.7605,4.583,47.4235,1304010.4345,1613.5,72445.024,184.5,13748.5055,166,849,18.5,764.5,24,238.5,297.5,1
1,100,0,0,0,1,0,1,0,1,1,0,0,0,1,1,0
66,63.7605,4.583,47.4235,1304010.4345,1613.5,72445.024,184.5,13748.5055,166,849,18.5,764.5,24,238.5,297.5,1
1,100,0,0,0,1,0,1,0,1,1,0,0,0,1,1,0
66,63.7605,4.583,47.4235,1304010.4345,1613.5,72445.024,184.5,13748.5055,166,849,18.5,764.5,24,238.5,297.5,1
1,25,0.003,0,0,4,0,4,8,4,4,0,0,0,4,4,0
66,26.2605,4.5845,47.4235,1304010.4345,1615,72445.024,186,13752.5055,167.5,850.5,18.5,764.5,24,240,299,1
1,100,0,0,0,1,0,1,0,1,1,0,0,0,1,1,0
66,63.7605,4.583,47.4235,1304010.4345,1613.5,72445.024,184.5,13748.5055,166,849,18.5,764.5,24,238.5,297.5,1
1,100,0,0,0,1,0,1,0,1,1,0,0,0,1,1,0
66,63.7605,4.583,47.4235,1304010.4345,1613.5,72445.024,184.5,13748.5055,166,849,18.5,764.5,24,238.5,297.5,1
1,100,0,0,0,1,0,1,0,1,1,0,0,0,1,1,0
66,63.7605,4.583,47.4235,1304010.4345,1613.5,72445.024,184.5,13748.5055,166,849,18.5,764.5,24,238.5,297.5,1
1,25,0,0,0,4,0,1,0,1,4,0,0,0,4,4,0
66,26.2605,4.583,47.4235,1304010.4345,1615,72445.024,184.5,13748.5055,166,850.5,18.5,764.5,24,240,299,1
1,100,0,0,0,1,0,1,0,1,1,0,0,0,1,1,0
66,63.7605,4.583,47.4235,1304010.4345,1613.5,72445.024,184.5,13748.5055,166,849,18.5,764.5,24,238.5,297.5,1
1,100,0,0,0,1,0,1,0,1,1,0,0,0,1,1,0
66,63.7605,4.583,47.4235,1304010.4345,1613.5,72445.024,184.5,13748.5055,166,849,18.5,764.5,24,238.5,297.5,1
1,100,0,0,0,1,0,1,0,1,1,0,0,0,1,1,0
66,63.7605,4.583,47.4235,1304010.4345,1613.5,72445.024,184.5,13748.5055,166,849,18.5,764.5,24,238.5,297.5,1
1,100,0,0,0,1,0,1,0,1,1,0,0,0,1,1,0
66,63.7605,4.583,47.4235,1304010.4345,1613.5,72445.024,184.5,13748.5055,166,849,18.5,764.5,24,238.5,297.5,1
1,100,0,0,0,1,0,1,0,1,1,0,0,0,1,1,0
66,63.7605,4.583,47.4235,1304010.4345,1613.5,72445.024,184.5,13748.5055,166,849,18.5,764.5,24,238.5,297.5,1
1,100,0,0,0,1,0,1,0,1,1,0,0,0,1,1,0
66,63.7605,4.583,47.4235,1304010.4345,1613.5,72445.024,184.5,13748.5055,166,849,18.5,764.5,24,238.5,297.5,1
1,100,0,0,0,1,0,1,0,1,1,0,0,0,1,1,0
66,63.7605,4.583,47.4235,1304010.4345,1613.5,72445.024,184.5,13748.5055,166,849,18.5,764.5,24,238.5,297.5,1
1,25,0.001,0,0,4,0,2,4,2,4,0,0,0,4,4,0
66,26.2605,4.5835,47.4235,1304010.4345,1615,72445.024,185,13750.5055,166.5,850.5,18.5,764.5,24,240,299,1
1,100,0,0,0,1,0,1,0,1,1,0,0,0,1,1,0
66,63.7605,4.583,47.4235,1304010.4345,1613.5,72445.024,184.5,13748.5055,166,849,18.5,764.5,24,238.5,297.5,1
1,100,0,0,0,1,0,1,0,1,1,0,0,0,1,1,0
66,63.7605,4.583,47.4235,1304010.4345,1613.5,72445.024,184.5,13748.5055,166,849,18.5,764.5,24,238.5,297.5,1
1,100,0,0,0,1,0,1,0,1,1,0,0,0,1,1,0
66,63.7605,4.583,47.4235,1304010.4345,1613.5,72445.024,184.5,13748.5055,166,849,18.5,764.5,24,238.5,297.5,1
1,100,0,0,0,1,0,1,0,1,1,0,0,0,1,1,0
66,63.7605,4.583,47.4235,1304010.4345,1613.5,72445.024,184.5,13748.5055,166,849,18.5,764.5,24,238.5,297.5,1
1,100,0,0,0,1,0,1,0,1,1,0,0,0,1,1,0
66,63.7605,4.583,47.4235,1304010.4345,1613.5,72445.024,184.5,13748.5055,166,849,18.5,764.5,24,238.5,297.5,1
1,100,0,0,0,1,0,1,0,1,1,0,0,0,1,1,0
66,63.7605,4.583,47.4235,1304010.4345,1613.5,72445.024,184.5,13748.5055,166,849,18.5,764.5,24,238.5,297.5,1
1,50,0.001,0,0,2,0,2,2,2,2,0,0,0,2,2,0
66,38.7605,4.5835,47.4235,1304010.4345,1614,72445.024,185,13749.5055,166.5,849.5,18.5,764.5,24,239,298,1
1,100,0,0,0,1,0,1,0,1,1,0,0,0,1,1,0
66,63.7605,4.583,47.4235,1304010.4345,1613.5,72445.024,184.5,13748.5055,166,849,18.5,764.5,24,238.5,297.5,1
1,100,0,0,0,1,0,1,0,1,1,0,0,0,1,1,0
66,63.7605,4.583,47.4235,1304010.4345,1613.5,72445.024,184.5,13748.5055,166,849,18.5,764.5,24,238.5,297.5,1
1,100,0,0,0,1,0,1,0,1,1,0,0,0,1,1,0
66,63.7605,4.583,47.4235,1304010.4345,1613.5,72445.024,184.5,13748.5055,166,849,18.5,764.5,24,238.5,297.5,1
1,100,0,0,0,1,0,1,0,1,1,0,0,0,1,1,0
66,63.7605,4.583,47.4235,1304010.4345,1613.5,72445.024,184.5,13748.5055,166,849,18.5,764.5,24,238.5,297.5,1
1,100,0,0,0,1,0,1,0,1,1,0,0,0,1,1,0
66,63.7605,4.583,47.4235,1304010.4345,1613.5,72445.024,184.5,13748.5055,166,849,18.5,764.5,24,238.5,297.5,1
1,100,0,0,0,1,0,1,0,1,1,0,0,0,1,1,0
66,63.7605,4.583,47.4235,1304010.4345,1613.5,72445.024,184.5,13748.5055,166,849,18.5,764.5,24,238.5,297.5,1
1,16.667,0,0,0,6,0,1,0,1,6,0,0,0,6,6,0
66,22.094,4.583,47.4235,1304010.4345,1616,72445.024,184.5,13748.5055,166,851.5,18.5,764.5,24,241,300,1
1,100,0,0,0,1,0,1,0,1,1,0,0,0,1,1,0
66,63.7605,4.583,47.4235,1304010.4345,1613.5,72445.024,184.5,13748.5055,166,849,18.5,764.5,24,238.5,297.5,1
1,100,0,0,0,1,0,1,0,1,1,0,0,0,1,1,0
66,63.7605,4.583,47.4235,1304010.4345,1613.5,72445.024,184.5,13748.5055,166,849,18.5,764.5,24,238.5,297.5,1
1,100,0,0,0,1,0,1,0,1,1,0,0,0,1,1,0
66,63.7605,4.583,47.4235,1304010.4345,1613.5,72445.024,184.5,13748.5055,166,849,18.5,764.5,24,238.5,297.5,1
1,100,0,0,0,1,0,1,0,1,1,0,0,0,1,1,0
66,63.7605,4.583,47.4235,1304010.4345,1613.5,72445.024,184.5,13748.5055,166,849,18.5,764.5,24,238.5,297.5,1
1,100,0,0,0,1,0,1,0,1,1,0,0,0,1,1,0
66,63.7605,4.583,47.4235,1304010.4345,1613.5,72445.024,184.5,13748.5055,166,849,18.5,764.5,24,238.5,297.5,1
1,100,0,0,0,1,0,1,0,1,1,0,0,0,1,1,0
66,63.7605,4.583,47.4235,1304010.4345,1613.5,72445.024,184.5,13748.5055,166,849,18.5,764.5,24,238.5,297.5,1
1,100,0,0,0,1,0,1,0,1,1,0,0,0,1,1,0
66,63.7605,4.583,47.4235,1304010.4345,1613.5,72445.024,184.5,13748.5055,166,849,18.5,764.5,24,238.5,297.5,1
1,100,0,0,0,1,0,1,0,1,1,0,0,0,1,1,0
66,63.7605,4.583,47.4235,1304010.4345,1613.5,72445.024,184.5,13748.5055,166,849,18.5,764.5,24,238.5,297.5,1
1,100,0,0,0,1,0,1,0,1,1,0,0,0,1,1,0
66,63.7605,4.583,47.4235,1304010.4345,1613.5,72445.024,184.5,13748.5055,166,849,18.5,764.5,24,238.5,297.5,1
1,11.111,0.01,0,0,9,0,9,28.529,9,9,0,0,0,9,9,0
66,19.316000000000003,4.588,47.4235,1304010.4345,1617.5,72445.024,188.5,13762.769999999999,170,853,18.5,764.5,24,242.5,301.5,1
1,100,0,0,0,1,0,1,0,1,1,0,0,0,1,1,0
66,63.7605,4.583,47.4235,1304010.4345,1613.5,72445.024,184.5,13748.5055,166,849,18.5,764.5,24,238.5,297.5,1
1,33.333,0.002,0,0,3,0,3,4.755,3,3,0,0,0,3,3,0
66,30.427,4.5840000000000005,47.4235,1304010.4345,1614.5,72445.024,185.5,13750.883,167,850,18.5,764.5,24,239.5,298.5,1
1,100,0,0,0,1,0,1,0,1,1,0,0,0,1,1,0
66,63.7605,4.583,47.4235,1304010.4345,1613.5,72445.024,184.5,13748.5055,166,849,18.5,764.5,24,238.5,297.5,1
1,100,0,0,0,1,0,1,0,1,1,0,0,0,1,1,0
66,63.7605,4.583,47.4235,1304010.4345,1613.5,72445.024,184.5,13748.5055,166,849,18.5,764.5,24,238.5,297.5,1
1,50,0.001,0,0,2,0,2,2,2,2,0,0,0,2,2,0
66,38.7605,4.5835,47.4235,1304010.4345,1614,72445.024,185,13749.5055,166.5,849.5,18.5,764.5,24,239,298,1
1,100,0,0,0,1,0,1,0,1,1,0,0,0,1,1,0
66,63.7605,4.583,47.4235,1304010.4345,1613.5,72445.024,184.5,13748.5055,166,849,18.5,764.5,24,238.5,297.5,1
1,100,0,0,0,1,0,1,0,1,1,0,0,0,1,1,0
66,63.7605,4.583,47.4235,1304010.4345,1613.5,72445.024,184.5,13748.5055,166,849,18.5,764.5,24,238.5,297.5,1
1,100,0,0,0,1,0,1,0,1,1,0,0,0,1,1,0
66,63.7605,4.583,47.4235,1304010.4345,1613.5,72445.024,184.5,13748.5055,166,849,18.5,764.5,24,238.5,297.5,1
1,100,0,0,0,1,0,1,0,1,1,0,0,0,1,1,0
66,63.7605,4.583,47.4235,1304010.4345,1613.5,72445.024,184.5,13748.5055,166,849,18.5,764.5,24,238.5,297.5,1
1,100,0,0,0,1,0,1,0,1,1,0,0,0,1,1,0
66,63.7605,4.583,47.4235,1304010.4345,1613.5,72445.024,184.5,13748.5055,166,849,18.5,764.5,24,238.5,297.5,1
1,100,0,0,0,1,0,1,0,1,1,0,0,0,1,1,0
66,63.7605,4.583,47.4235,1304010.4345,1613.5,72445.024,184.5,13748.5055,166,849,18.5,764.5,24,238.5,297.5,1
1,100,0,0,0,1,0,1,0,1,1,0,0,0,1,1,0
66,63.7605,4.583,47.4235,1304010.4345,1613.5,72445.024,184.5,13748.5055,166,849,18.5,764.5,24,238.5,297.5,1
1,100,0,0,0,1,0,1,0,1,1,0,0,0,1,1,0
66,63.7605,4.583,47.4235,1304010.4345,1613.5,72445.024,184.5,13748.5055,166,849,18.5,764.5,24,238.5,297.5,1
1,100,0,0,0,1,0,1,0,1,1,0,0,0,1,1,0
66,63.7605,4.583,47.4235,1304010.4345,1613.5,72445.024,184.5,13748.5055,166,849,18.5,764.5,24,238.5,297.5,1
1,16.667,0.005,0,0,6,0,6,15.51,6,6,0,0,0,6,6,0
66,22.094,4.585500000000001,47.4235,1304010.4345,1616,72445.024,187,13756.260499999999,168.5,851.5,18.5,764.5,24,241,300,1
1,100,0,0,0,1,0,1,0,1,1,0,0,0,1,1,0
66,63.7605,4.583,47.4235,1304010.4345,1613.5,72445.024,184.5,13748.5055,166,849,18.5,764.5,24,238.5,297.5,1
1,50,0.001,0,0,2,0,2,2,2,2,0,0,0,2,2,0
66,38.7605,4.5835,47.4235,1304010.4345,1614,72445.024,185,13749.5055,166.5,849.5,18.5,764.5,24,239,298,1
1,12.5,0.008,0,0,8,0,8,24,8,8,0,0,0,8,8,0
66,20.0105,4.587,47.4235,1304010.4345,1617,72445.024,188,13760.5055,169.5,852.5,18.5,764.5,24,242,301,1
1,25,0.003,0,0,4,0,4,8,4,4,0,0,0,4,4,0
66,26.2605,4.5845,47.4235,1304010.4345,1615,72445.024,186,13752.5055,167.5,850.5,18.5,764.5,24,240,299,1
1,100,0,0,0,1,0,1,0,1,1,0,0,0,1,1,0
66,63.7605,4.583,47.4235,1304010.4345,1613.5,72445.024,184.5,13748.5055,166,849,18.5,764.5,24,238.5,297.5,1
1,100,0,0,0,1,0,1,0,1,1,0,0,0,1,1,0
66,63.7605,4.583,47.4235,1304010.4345,1613.5,72445.024,184.5,13748.5055,166,849,18.5,764.5,24,238.5,297.5,1
1,100,0,0,0,1,0,1,0,1,1,0,0,0,1,1,0
66,63.7605,4.583,47.4235,1304010.4345,1613.5,72445.024,184.5,13748.5055,166,849,18.5,764.5,24,238.5,297.5,1
1,100,0,0,0,1,0,1,0,1,1,0,0,0,1,1,0
66,63.7605,4.583,47.4235,1304010.4345,1613.5,72445.024,184.5,13748.5055,166,849,18.5,764.5,24,238.5,297.5,1
1,50,0.001,0,0,2,0,2,2,2,2,0,0,0,2,2,0
66,38.7605,4.5835,47.4235,1304010.4345,1614,72445.024,185,13749.5055,166.5,849.5,18.5,764.5,24,239,298,1
1,100,0,0,0,1,0,1,0,1,1,0,0,0,1,1,0
66,63.7605,4.583,47.4235,1304010.4345,1613.5,72445.024,184.5,13748.5055,166,849,18.5,764.5,24,238.5,297.5,1
1,50,0.001,0,0,2,0,2,2,2,2,0,0,0,2,2,0
66,38.7605,4.5835,47.4235,1304010.4345,1614,72445.024,185,13749.5055,166.5,849.5,18.5,764.5,24,239,298,1
1,100,0,0,0,1,0,1,0,1,1,0,0,0,1,1,0
66,63.7605,4.583,47.4235,1304010.4345,1613.5,72445.024,184.5,13748.5055,166,849,18.5,764.5,24,238.5,297.5,1
1,100,0,0,0,1,0,1,0,1,1,0,0,0,1,1,0
66,63.7605,4.583,47.4235,1304010.4345,1613.5,72445.024,184.5,13748.5055,166,849,18.5,764.5,24,238.5,297.5,1
1,100,0,0,0,1,0,1,0,1,1,0,0,0,1,1,0
66,63.7605,4.583,47.4235,1304010.4345,1613.5,72445.024,184.5,13748.5055,166,849,18.5,764.5,24,238.5,297.5,1
1,33.333,0,0,0,3,0,1,0,1,3,0,0,0,3,3,0
66,30.427,4.583,47.4235,1304010.4345,1614.5,72445.024,184.5,13748.5055,166,850,18.5,764.5,24,239.5,298.5,1
1,100,0,0,0,1,0,1,0,1,1,0,0,0,1,1,0
66,63.7605,4.583,47.4235,1304010.4345,1613.5,72445.024,184.5,13748.5055,166,849,18.5,764.5,24,238.5,297.5,1
1,100,0,0,0,1,0,1,0,1,1,0,0,0,1,1,0
66,63.7605,4.583,47.4235,1304010.4345,1613.5,72445.024,184.5,13748.5055,166,849,18.5,764.5,24,238.5,297.5,1
1,14.286,0.007,0,0,7,0,7,19.651,7,7,0,0,0,7,7,0
66,20.9035,4.5865,47.4235,1304010.4345,1616.5,72445.024,187.5,13758.331,169,852,18.5,764.5,24,241.5,300.5,1
1,100,0,0,0,1,0,1,0,1,1,0,0,0,1,1,0
66,63.7605,4.583,47.4235,1304010.4345,1613.5,72445.024,184.5,13748.5055,166,849,18.5,764.5,24,238.5,297.5,1
1,100,0,0,0,1,0,1,0,1,1,0,0,0,1,1,0
66,63.7605,4.583,47.4235,1304010.4345,1613.5,72445.024,184.5,13748.5055,166,849,18.5,764.5,24,238.5,297.5,1
1,5.263,0.027,0,0,19,0,19,80.711,19,19,0,0,0,19,19,0
66,16.392,4.5965,47.4235,1304010.4345,1622.5,72445.024,193.5,13788.860999999999,175,858,18.5,764.5,24,247.5,306.5,1
1,100,0,0,0,1,0,1,0,1,1,0,0,0,1,1,0
66,63.7605,4.583,47.4235,1304010.4345,1613.5,72445.024,184.5,13748.5055,166,849,18.5,764.5,24,238.5,297.5,1
1,100,0,0,0,1,0,1,0,1,1,0,0,0,1,1,0
66,63.7605,4.583,47.4235,1304010.4345,1613.5,72445.024,184.5,13748.5055,166,849,18.5,764.5,24,238.5,297.5,1
1,100,0,0,0,1,0,1,0,1,1,0,0,0,1,1,0
66,63.7605,4.583,47.4235,1304010.4345,1613.5,72445.024,184.5,13748.5055,166,849,18.5,764.5,24,238.5,297.5,1
1,50,0.001,0,0,2,0,2,2,2,2,0,0,0,2,2,0
66,38.7605,4.5835,47.4235,1304010.4345,1614,72445.024,185,13749.5055,166.5,849.5,18.5,764.5,24,239,298,1
1,100,0,0,0,1,0,1,0,1,1,0,0,0,1,1,0
66,63.7605,4.583,47.4235,1304010.4345,1613.5,72445.024,184.5,13748.5055,166,849,18.5,764.5,24,238.5,297.5,1
1,100,0,0,0,1,0,1,0,1,1,0,0,0,1,1,0
66,63.7605,4.583,47.4235,1304010.4345,1613.5,72445.024,184.5,13748.5055,166,849,18.5,764.5,24,238.5,297.5,1
1,100,0,0,0,1,0,1,0,1,1,0,0,0,1,1,0
66,63.7605,4.583,47.4235,1304010.4345,1613.5,72445.024,184.5,13748.5055,166,849,18.5,764.5,24,238.5,297.5,1
1,100,0,0,0,1,0,1,0,1,1,0,0,0,1,1,0
66,63.7605,4.583,47.4235,1304010.4345,1613.5,72445.024,184.5,13748.5055,166,849,18.5,764.5,24,238.5,297.5,1
1,100,0,0,0,1,0,1,0,1,1,0,0,0,1,1,0
66,63.7605,4.583,47.4235,1304010.4345,1613.5,72445.024,184.5,13748.5055,166,849,18.5,764.5,24,238.5,297.5,1
1,100,0,0,0,1,0,1,0,1,1,0,0,0,1,1,0
66,63.7605,4.583,47.4235,1304010.4345,1613.5,72445.024,184.5,13748.5055,166,849,18.5,764.5,24,238.5,297.5,1
1,100,0,0,0,1,0,1,0,1,1,0,0,0,1,1,0
66,63.7605,4.583,47.4235,1304010.4345,1613.5,72445.024,184.5,13748.5055,166,849,18.5,764.5,24,238.5,297.5,1
1,100,0,0,0,1,0,1,0,1,1,0,0,0,1,1,0
66,63.7605,4.583,47.4235,1304010.4345,1613.5,72445.024,184.5,13748.5055,166,849,18.5,764.5,24,238.5,297.5,1
1,100,0,0,0,1,0,1,0,1,1,0,0,0,1,1,0
66,63.7605,4.583,47.4235,1304010.4345,1613.5,72445.024,184.5,13748.5055,166,849,18.5,764.5,24,238.5,297.5,1
1,100,0,0,0,1,0,1,0,1,1,0,0,0,1,1,0
66,63.7605,4.583,47.4235,1304010.4345,1613.5,72445.024,184.5,13748.5055,166,849,18.5,764.5,24,238.5,297.5,1
1,100,0,0,0,1,0,1,0,1,1,0,0,0,1,1,0
66,63.7605,4.583,47.4235,1304010.4345,1613.5,72445.024,184.5,13748.5055,166,849,18.5,764.5,24,238.5,297.5,1
1,100,0,0,0,1,0,1,0,1,1,0,0,0,1,1,0
66,63.7605,4.583,47.4235,1304010.4345,1613.5,72445.024,184.5,13748.5055,166,849,18.5,764.5,24,238.5,297.5,1
1,100,0,0,0,1,0,1,0,1,1,0,0,0,1,1,0
66,63.7605,4.583,47.4235,1304010.4345,1613.5,72445.024,184.5,13748.5055,166,849,18.5,764.5,24,238.5,297.5,1
1,100,0,0,0,1,0,1,0,1,1,0,0,0,1,1,0
66,63.7605,4.583,47.4235,1304010.4345,1613.5,72445.024,184.5,13748.5055,166,849,18.5,764.5,24,238.5,297.5,1
1,100,0,0,0,1,0,1,0,1,1,0,0,0,1,1,0
66,63.7605,4.583,47.4235,1304010.4345,1613.5,72445.024,184.5,13748.5055,166,849,18.5,764.5,24,238.5,297.5,1
1,100,0,0,0,1,0,1,0,1,1,0,0,0,1,1,0
66,63.7605,4.583,47.4235,1304010.4345,1613.5,72445.024,184.5,13748.5055,166,849,18.5,764.5,24,238.5,297.5,1
1,100,0,0,0,1,0,1,0,1,1,0,0,0,1,1,0
66,63.7605,4.583,47.4235,1304010.4345,1613.5,72445.024,184.5,13748.5055,166,849,18.5,764.5,24,238.5,297.5,1
1,100,0,0,0,1,0,1,0,1,1,0,0,0,1,1,0
66,63.7605,4.583,47.4235,1304010.4345,1613.5,72445.024,184.5,13748.5055,166,849,18.5,764.5,24,238.5,297.5,1
1,100,0,0,0,1,0,1,0,1,1,0,0,0,1,1,0
66,63.7605,4.583,47.4235,1304010.4345,1613.5,72445.024,184.5,13748.5055,166,849,18.5,764.5,24,238.5,297.5,1
1,100,0,0,0,1,0,1,0,1,1,0,0,0,1,1,0
66,63.7605,4.583,47.4235,1304010.4345,1613.5,72445.024,184.5,13748.5055,166,849,18.5,764.5,24,238.5,297.5,1
1,100,0,0,0,1,0,1,0,1,1,0,0,0,1,1,0
66,63.7605,4.583,47.4235,1304010.4345,1613.5,72445.024,184.5,13748.5055,166,849,18.5,764.5,24,238.5,297.5,1
1,100,0,0,0,1,0,1,0,1,1,0,0,0,1,1,0
66,63.7605,4.583,47.4235,1304010.4345,1613.5,72445.024,184.5,13748.5055,166,849,18.5,764.5,24,238.5,297.5,1
1,50,0.001,0,0,2,0,2,2,2,2,0,0,0,2,2,0
66,38.7605,4.5835,47.4235,1304010.4345,1614,72445.024,185,13749.5055,166.5,849.5,18.5,764.5,24,239,298,1
1,100,0,0,0,1,0,1,0,1,1,0,0,0,1,1,0
66,63.7605,4.583,47.4235,1304010.4345,1613.5,72445.024,184.5,13748.5055,166,849,18.5,764.5,24,238.5,297.5,1
1,100,0,0,0,1,0,1,0,1,1,0,0,0,1,1,0
66,63.7605,4.583,47.4235,1304010.4345,1613.5,72445.024,184.5,13748.5055,166,849,18.5,764.5,24,238.5,297.5,1
1,100,0,0,0,1,0,1,0,1,1,0,0,0,1,1,0
66,63.7605,4.583,47.4235,1304010.4345,1613.5,72445.024,184.5,13748.5055,166,849,18.5,764.5,24,238.5,297.5,1
1,100,0,0,0,1,0,1,0,1,1,0,0,0,1,1,0
66,63.7605,4.583,47.4235,1304010.4345,1613.5,72445.024,184.5,13748.5055,166,849,18.5,764.5,24,238.5,297.5,1
1,100,0,0,0,1,0,1,0,1,1,0,0,0,1,1,0
66,63.7605,4.583,47.4235,1304010.4345,1613.5,72445.024,184.5,13748.5055,166,849,18.5,764.5,24,238.5,297.5,1
1,100,0,0,0,1,0,1,0,1,1,0,0,0,1,1,0
66,63.7605,4.583,47.4235,1304010.4345,1613.5,72445.024,184.5,13748.5055,166,849,18.5,764.5,24,238.5,297.5,1
1,100,0,0,0,1,0,1,0,1,1,0,0,0,1,1,0
66,63.7605,4.583,47.4235,1304010.4345,1613.5,72445.024,184.5,13748.5055,166,849,18.5,764.5,24,238.5,297.5,1
1,100,0,0,0,1,0,1,0,1,1,0,0,0,1,1,0
66,63.7605,4.583,47.4235,1304010.4345,1613.5,72445.024,184.5,13748.5055,166,849,18.5,764.5,24,238.5,297.5,1
1,50,0.001,0,0,2,0,2,2,2,2,0,0,0,2,2,0
66,38.7605,4.5835,47.4235,1304010.4345,1614,72445.024,185,13749.5055,166.5,849.5,18.5,764.5,24,239,298,1
1,100,0,0,0,1,0,1,0,1,1,0,0,0,1,1,0
66,63.7605,4.583,47.4235,1304010.4345,1613.5,72445.024,184.5,13748.5055,166,849,18.5,764.5,24,238.5,297.5,1
1,100,0,0,0,1,0,1,0,1,1,0,0,0,1,1,0
66,63.7605,4.583,47.4235,1304010.4345,1613.5,72445.024,184.5,13748.5055,166,849,18.5,764.5,24,238.5,297.5,1
1,100,0,0,0,1,0,1,0,1,1,0,0,0,1,1,0
66,63.7605,4.583,47.4235,1304010.4345,1613.5,72445.024,184.5,13748.5055,166,849,18.5,764.5,24,238.5,297.5,1
1,25,0.003,0,0,4,0,4,8,4,4,0,0,0,4,4,0
66,26.2605,4.5845,47.4235,1304010.4345,1615,72445.024,186,13752.5055,167.5,850.5,18.5,764.5,24,240,299,1
1,100,0,0,0,1,0,1,0,1,1,0,0,0,1,1,0
66,63.7605,4.583,47.4235,1304010.4345,1613.5,72445.024,184.5,13748.5055,166,849,18.5,764.5,24,238.5,297.5,1
1,100,0,0,0,1,0,1,0,1,1,0,0,0,1,1,0
66,63.7605,4.583,47.4235,1304010.4345,1613.5,72445.024,184.5,13748.5055,166,849,18.5,764.5,24,238.5,297.5,1
1,100,0,0,0,1,0,1,0,1,1,0,0,0,1,1,0
66,63.7605,4.583,47.4235,1304010.4345,1613.5,72445.024,184.5,13748.5055,166,849,18.5,764.5,24,238.5,297.5,1
1,100,0,0,0,1,0,1,0,1,1,0,0,0,1,1,0
66,63.7605,4.583,47.4235,1304010.4345,1613.5,72445.024,184.5,13748.5055,166,849,18.5,764.5,24,238.5,297.5,1
1,100,0,0,0,1,0,1,0,1,1,0,0,0,1,1,0
66,63.7605,4.583,47.4235,1304010.4345,1613.5,72445.024,184.5,13748.5055,166,849,18.5,764.5,24,238.5,297.5,1
1,100,0,0,0,1,0,1,0,1,1,0,0,0,1,1,0
66,63.7605,4.583,47.4235,1304010.4345,1613.5,72445.024,184.5,13748.5055,166,849,18.5,764.5,24,238.5,297.5,1
1,100,0,0,0,1,0,1,0,1,1,0,0,0,1,1,0
66,63.7605,4.583,47.4235,1304010.4345,1613.5,72445.024,184.5,13748.5055,166,849,18.5,764.5,24,238.5,297.5,1
1,100,0,0,0,1,0,1,0,1,1,0,0,0,1,1,0
66,63.7605,4.583,47.4235,1304010.4345,1613.5,72445.024,184.5,13748.5055,166,849,18.5,764.5,24,238.5,297.5,1
1,100,0,0,0,1,0,1,0,1,1,0,0,0,1,1,0
66,63.7605,4.583,47.4235,1304010.4345,1613.5,72445.024,184.5,13748.5055,166,849,18.5,764.5,24,238.5,297.5,1
1,100,0,0,0,1,0,1,0,1,1,0,0,0,1,1,0
66,63.7605,4.583,47.4235,1304010.4345,1613.5,72445.024,184.5,13748.5055,166,849,18.5,764.5,24,238.5,297.5,1
1,100,0,0,0,1,0,1,0,1,1,0,0,0,1,1,0
66,63.7605,4.583,47.4235,1304010.4345,1613.5,72445.024,184.5,13748.5055,166,849,18.5,764.5,24,238.5,297.5,1
1,50,0,0,0,2,0,1,0,1,2,0,0,0,2,2,0
66,38.7605,4.583,47.4235,1304010.4345,1614,72445.024,184.5,13748.5055,166,849.5,18.5,764.5,24,239,298,1
1,100,0,0,0,1,0,1,0,1,1,0,0,0,1,1,0
66,63.7605,4.583,47.4235,1304010.4345,1613.5,72445.024,184.5,13748.5055,166,849,18.5,764.5,24,238.5,297.5,1
1,100,0,0,0,1,0,1,0,1,1,0,0,0,1,1,0
66,63.7605,4.583,47.4235,1304010.4345,1613.5,72445.024,184.5,13748.5055,166,849,18.5,764.5,24,238.5,297.5,1
1,100,0,0,0,1,0,1,0,1,1,0,0,0,1,1,0
66,63.7605,4.583,47.4235,1304010.4345,1613.5,72445.024,184.5,13748.5055,166,849,18.5,764.5,24,238.5,297.5,1
1,100,0,0,0,1,0,1,0,1,1,0,0,0,1,1,0
66,63.7605,4.583,47.4235,1304010.4345,1613.5,72445.024,184.5,13748.5055,166,849,18.5,764.5,24,238.5,297.5,1
1,100,0,0,0,1,0,1,0,1,1,0,0,0,1,1,0
66,63.7605,4.583,47.4235,1304010.4345,1613.5,72445.024,184.5,13748.5055,166,849,18.5,764.5,24,238.5,297.5,1
1,100,0,0,0,1,0,1,0,1,1,0,0,0,1,1,0
66,63.7605,4.583,47.4235,1304010.4345,1613.5,72445.024,184.5,13748.5055,166,849,18.5,764.5,24,238.5,297.5,1
1,100,0,0,0,1,0,1,0,1,1,0,0,0,1,1,0
66,63.7605,4.583,47.4235,1304010.4345,1613.5,72445.024,184.5,13748.5055,166,849,18.5,764.5,24,238.5,297.5,1
1,12.5,0.008,0,0,8,0,8,24,8,8,0,0,0,8,8,0
66,20.0105,4.587,47.4235,1304010.4345,1617,72445.024,188,13760.5055,169.5,852.5,18.5,764.5,24,242,301,1
1,100,0,0,0,1,0,1,0,1,1,0,0,0,1,1,0
66,63.7605,4.583,47.4235,1304010.4345,1613.5,72445.024,184.5,13748.5055,166,849,18.5,764.5,24,238.5,297.5,1
1,100,0,0,0,1,0,1,0,1,1,0,0,0,1,1,0
66,63.7605,4.583,47.4235,1304010.4345,1613.5,72445.024,184.5,13748.5055,166,849,18.5,764.5,24,238.5,297.5,1
1,20,0.004,0,0,5,0,5,11.61,5,5,0,0,0,5,5,0
66,23.7605,4.585,47.4235,1304010.4345,1615.5,72445.024,186.5,13754.3105,168,851,18.5,764.5,24,240.5,299.5,1
1,100,0,0,0,1,0,1,0,1,1,0,0,0,1,1,0
66,63.7605,4.583,47.4235,1304010.4345,1613.5,72445.024,184.5,13748.5055,166,849,18.5,764.5,24,238.5,297.5,1
1,100,0,0,0,1,0,1,0,1,1,0,0,0,1,1,0
66,63.7605,4.583,47.4235,1304010.4345,1613.5,72445.024,184.5,13748.5055,166,849,18.5,764.5,24,238.5,297.5,1
1,100,0,0,0,1,0,1,0,1,1,0,0,0,1,1,0
66,63.7605,4.583,47.4235,1304010.4345,1613.5,72445.024,184.5,13748.5055,166,849,18.5,764.5,24,238.5,297.5,1
1,100,0,0,0,1,0,1,0,1,1,0,0,0,1,1,0
66,63.7605,4.583,47.4235,1304010.4345,1613.5,72445.024,184.5,13748.5055,166,849,18.5,764.5,24,238.5,297.5,1
1,12.5,0.008,0,0,8,0,8,24,8,8,0,0,0,8,8,0
66,20.0105,4.587,47.4235,1304010.4345,1617,72445.024,188,13760.5055,169.5,852.5,18.5,764.5,24,242,301,1
1,100,0,0,0,1,0,1,0,1,1,0,0,0,1,1,0
66,63.7605,4.583,47.4235,1304010.4345,1613.5,72445.024,184.5,13748.5055,166,849,18.5,764.5,24,238.5,297.5,1
1,100,0,0,0,1,0,1,0,1,1,0,0,0,1,1,0
66,63.7605,4.583,47.4235,1304010.4345,1613.5,72445.024,184.5,13748.5055,166,849,18.5,764.5,24,238.5,297.5,1
1,100,0,0,0,1,0,1,0,1,1,0,0,0,1,1,0
66,63.7605,4.583,47.4235,1304010.4345,1613.5,72445.024,184.5,13748.5055,166,849,18.5,764.5,24,238.5,297.5,1
1,100,0,0,0,1,0,1,0,1,1,0,0,0,1,1,0
66,63.7605,4.583,47.4235,1304010.4345,1613.5,72445.024,184.5,13748.5055,166,849,18.5,764.5,24,238.5,297.5,1
1,100,0,0,0,1,0,1,0,1,1,0,0,0,1,1,0
66,63.7605,4.583,47.4235,1304010.4345,1613.5,72445.024,184.5,13748.5055,166,849,18.5,764.5,24,238.5,297.5,1
1,100,0,0,0,1,0,1,0,1,1,0,0,0,1,1,0
66,63.7605,4.583,47.4235,1304010.4345,1613.5,72445.024,184.5,13748.5055,166,849,18.5,764.5,24,238.5,297.5,1
1,100,0,0,0,1,0,1,0,1,1,0,0,0,1,1,0
66,63.7605,4.583,47.4235,1304010.4345,1613.5,72445.024,184.5,13748.5055,166,849,18.5,764.5,24,238.5,297.5,1
1,33.333,0.001,0,0,3,0,2,3,2,3,0,0,0,3,3,0
66,30.427,4.5835,47.4235,1304010.4345,1614.5,72445.024,185,13750.0055,166.5,850,18.5,764.5,24,239.5,298.5,1
1,8.333,0.014,0,0,12,0,12,43.02,12,12,0,0,0,12,12,0
66,17.927,4.59,47.4235,1304010.4345,1619,72445.024,190,13770.0155,171.5,854.5,18.5,764.5,24,244,303,1
1,100,0,0,0,1,0,1,0,1,1,0,0,0,1,1,0
66,63.7605,4.583,47.4235,1304010.4345,1613.5,72445.024,184.5,13748.5055,166,849,18.5,764.5,24,238.5,297.5,1
1,25,0.003,0,0,4,0,4,8,4,4,0,0,0,4,4,0
66,26.2605,4.5845,47.4235,1304010.4345,1615,72445.024,186,13752.5055,167.5,850.5,18.5,764.5,24,240,299,1
1,100,0,0,0,1,0,1,0,1,1,0,0,0,1,1,0
66,63.7605,4.583,47.4235,1304010.4345,1613.5,72445.024,184.5,13748.5055,166,849,18.5,764.5,24,238.5,297.5,1
1,100,0,0,0,1,0,1,0,1,1,0,0,0,1,1,0
66,63.7605,4.583,47.4235,1304010.4345,1613.5,72445.024,184.5,13748.5055,166,849,18.5,764.5,24,238.5,297.5,1
1,20,0.004,0,0,5,0,5,11.61,5,5,0,0,0,5,5,0
66,23.7605,4.585,47.4235,1304010.4345,1615.5,72445.024,186.5,13754.3105,168,851,18.5,764.5,24,240.5,299.5,1
1,25,0.003,0,0,4,0,4,8,4,4,0,0,0,4,4,0
66,26.2605,4.5845,47.4235,1304010.4345,1615,72445.024,186,13752.5055,167.5,850.5,18.5,764.5,24,240,299,1
1,14.286,0.007,0,0,7,0,7,19.651,7,7,0,0,0,7,7,0
66,20.9035,4.5865,47.4235,1304010.4345,1616.5,72445.024,187.5,13758.331,169,852,18.5,764.5,24,241.5,300.5,1
1,100,0,0,0,1,0,1,0,1,1,0,0,0,1,1,0
66,63.7605,4.583,47.4235,1304010.4345,1613.5,72445.024,184.5,13748.5055,166,849,18.5,764.5,24,238.5,297.5,1
1,25,0.003,0,0,4,0,4,8,4,4,0,0,0,4,4,0
66,26.2605,4.5845,47.4235,1304010.4345,1615,72445.024,186,13752.5055,167.5,850.5,18.5,764.5,24,240,299,1
1,9.091,0.013,0,0,11,0,11,38.054,11,11,0,0,0,11,11,0
66,18.306,4.5895,47.4235,1304010.4345,1618.5,72445.024,189.5,13767.5325,171,854,18.5,764.5,24,243.5,302.5,1
1,100,0,0,0,1,0,1,0,1,1,0,0,0,1,1,0
66,63.7605,4.583,47.4235,1304010.4345,1613.5,72445.024,184.5,13748.5055,166,849,18.5,764.5,24,238.5,297.5,1
1,100,0,0,0,1,0,1,0,1,1,0,0,0,1,1,0
66,63.7605,4.583,47.4235,1304010.4345,1613.5,72445.024,184.5,13748.5055,166,849,18.5,764.5,24,238.5,297.5,1
1,33.333,0.002,0,0,3,0,3,4.755,3,3,0,0,0,3,3,0
66,30.427,4.5840000000000005,47.4235,1304010.4345,1614.5,72445.024,185.5,13750.883,167,850,18.5,764.5,24,239.5,298.5,1
1,100,0,0,0,1,0,1,0,1,1,0,0,0,1,1,0
66,63.7605,4.583,47.4235,1304010.4345,1613.5,72445.024,184.5,13748.5055,166,849,18.5,764.5,24,238.5,297.5,1
1,12.5,0.008,0,0,8,0,8,24,8,8,0,0,0,8,8,0
66,20.0105,4.587,47.4235,1304010.4345,1617,72445.024,188,13760.5055,169.5,852.5,18.5,764.5,24,242,301,1
1,100,0,0,0,1,0,1,0,1,1,0,0,0,1,1,0
66,63.7605,4.583,47.4235,1304010.4345,1613.5,72445.024,184.5,13748.5055,166,849,18.5,764.5,24,238.5,297.5,1
1,100,0,0,0,1,0,1,0,1,1,0,0,0,1,1,0
66,63.7605,4.583,47.4235,1304010.4345,1613.5,72445.024,184.5,13748.5055,166,849,18.5,764.5,24,238.5,297.5,1
1,100,0,0,0,1,0,1,0,1,1,0,0,0,1,1,0
66,63.7605,4.583,47.4235,1304010.4345,1613.5,72445.024,184.5,13748.5055,166,849,18.5,764.5,24,238.5,297.5,1
1,33.333,0,0,0,3,0,1,0,1,3,0,0,0,3,3,0
66,30.427,4.583,47.4235,1304010.4345,1614.5,72445.024,184.5,13748.5055,166,850,18.5,764.5,24,239.5,298.5,1
1,100,0,0,0,1,0,1,0,1,1,0,0,0,1,1,0
66,63.7605,4.583,47.4235,1304010.4345,1613.5,72445.024,184.5,13748.5055,166,849,18.5,764.5,24,238.5,297.5,1
1,25,0.003,0,0,4,0,4,8,4,4,0,0,0,4,4,0
66,26.2605,4.5845,47.4235,1304010.4345,1615,72445.024,186,13752.5055,167.5,850.5,18.5,764.5,24,240,299,1
1,50,0,0,0,2,0,1,0,1,2,0,0,0,2,2,0
66,38.7605,4.583,47.4235,1304010.4345,1614,72445.024,184.5,13748.5055,166,849.5,18.5,764.5,24,239,298,1
1,100,0,0,0,1,0,1,0,1,1,0,0,0,1,1,0
66,63.7605,4.583,47.4235,1304010.4345,1613.5,72445.024,184.5,13748.5055,166,849,18.5,764.5,24,238.5,297.5,1
1,100,0,0,0,1,0,1,0,1,1,0,0,0,1,1,0
66,63.7605,4.583,47.4235,1304010.4345,1613.5,72445.024,184.5,13748.5055,166,849,18.5,764.5,24,238.5,297.5,1
1,12.5,0.008,0,0,8,0,8,24,8,8,0,0,0,8,8,0
66,20.0105,4.587,47.4235,1304010.4345,1617,72445.024,188,13760.5055,169.5,852.5,18.5,764.5,24,242,301,1
1,50,0,0,0,2,0,1,0,1,2,0,0,0,2,2,0
66,38.7605,4.583,47.4235,1304010.4345,1614,72445.024,184.5,13748.5055,166,849.5,18.5,764.5,24,239,298,1
1,100,0,0,0,1,0,1,0,1,1,0,0,0,1,1,0
66,63.7605,4.583,47.4235,1304010.4345,1613.5,72445.024,184.5,13748.5055,166,849,18.5,764.5,24,238.5,297.5,1
1,100,0,0,0,1,0,1,0,1,1,0,0,0,1,1,0
66,63.7605,4.583,47.4235,1304010.4345,1613.5,72445.024,184.5,13748.5055,166,849,18.5,764.5,24,238.5,297.5,1
1,100,0,0,0,1,0,1,0,1,1,0,0,0,1,1,0
66,63.7605,4.583,47.4235,1304010.4345,1613.5,72445.024,184.5,13748.5055,166,849,18.5,764.5,24,238.5,297.5,1
1,100,0,0,0,1,0,1,0,1,1,0,0,0,1,1,0
66,63.7605,4.583,47.4235,1304010.4345,1613.5,72445.024,184.5,13748.5055,166,849,18.5,764.5,24,238.5,297.5,1
1,100,0,0,0,1,0,1,0,1,1,0,0,0,1,1,0
66,63.7605,4.583,47.4235,1304010.4345,1613.5,72445.024,184.5,13748.5055,166,849,18.5,764.5,24,238.5,297.5,1
1,50,0,0,0,2,0,1,0,1,2,0,0,0,2,2,0
66,38.7605,4.583,47.4235,1304010.4345,1614,72445.024,184.5,13748.5055,166,849.5,18.5,764.5,24,239,298,1
1,100,0,0,0,1,0,1,0,1,1,0,0,0,1,1,0
66,63.7605,4.583,47.4235,1304010.4345,1613.5,72445.024,184.5,13748.5055,166,849,18.5,764.5,24,238.5,297.5,1
1,50,0,0,0,2,0,1,0,1,2,0,0,0,2,2,0
66,38.7605,4.583,47.4235,1304010.4345,1614,72445.024,184.5,13748.5055,166,849.5,18.5,764.5,24,239,298,1
1,100,0,0,0,1,0,1,0,1,1,0,0,0,1,1,0
66,63.7605,4.583,47.4235,1304010.4345,1613.5,72445.024,184.5,13748.5055,166,849,18.5,764.5,24,238.5,297.5,1
1,100,0,0,0,1,0,1,0,1,1,0,0,0,1,1,0
66,63.7605,4.583,47.4235,1304010.4345,1613.5,72445.024,184.5,13748.5055,166,849,18.5,764.5,24,238.5,297.5,1
1,100,0,0,0,1,0,1,0,1,1,0,0,0,1,1,0
66,63.7605,4.583,47.4235,1304010.4345,1613.5,72445.024,184.5,13748.5055,166,849,18.5,764.5,24,238.5,297.5,1
1,33.333,0.002,0,0,3,0,3,4.755,3,3,0,0,0,3,3,0
66,30.427,4.5840000000000005,47.4235,1304010.4345,1614.5,72445.024,185.5,13750.883,167,850,18.5,764.5,24,239.5,298.5,1
1,100,0,0,0,1,0,1,0,1,1,0,0,0,1,1,0
66,63.7605,4.583,47.4235,1304010.4345,1613.5,72445.024,184.5,13748.5055,166,849,18.5,764.5,24,238.5,297.5,1
1,100,0,0,0,1,0,1,0,1,1,0,0,0,1,1,0
66,63.7605,4.583,47.4235,1304010.4345,1613.5,72445.024,184.5,13748.5055,166,849,18.5,764.5,24,238.5,297.5,1
1,100,0,0,0,1,0,1,0,1,1,0,0,0,1,1,0
66,63.7605,4.583,47.4235,1304010.4345,1613.5,72445.024,184.5,13748.5055,166,849,18.5,764.5,24,238.5,297.5,1
1,100,0,0,0,1,0,1,0,1,1,0,0,0,1,1,0
66,63.7605,4.583,47.4235,1304010.4345,1613.5,72445.024,184.5,13748.5055,166,849,18.5,764.5,24,238.5,297.5,1
1,100,0,0,0,1,0,1,0,1,1,0,0,0,1,1,0
66,63.7605,4.583,47.4235,1304010.4345,1613.5,72445.024,184.5,13748.5055,166,849,18.5,764.5,24,238.5,297.5,1
1,50,0.001,0,0,2,0,2,2,2,2,0,0,0,2,2,0
66,38.7605,4.5835,47.4235,1304010.4345,1614,72445.024,185,13749.5055,166.5,849.5,18.5,764.5,24,239,298,1
1,100,0,0,0,1,0,1,0,1,1,0,0,0,1,1,0
66,63.7605,4.583,47.4235,1304010.4345,1613.5,72445.024,184.5,13748.5055,166,849,18.5,764.5,24,238.5,297.5,1
1,25,0.003,0,0,4,0,4,8,4,4,0,0,0,4,4,0
66,26.2605,4.5845,47.4235,1304010.4345,1615,72445.024,186,13752.5055,167.5,850.5,18.5,764.5,24,240,299,1
1,25,0.003,0,0,4,0,4,8,4,4,0,0,0,4,4,0
66,26.2605,4.5845,47.4235,1304010.4345,1615,72445.024,186,13752.5055,167.5,850.5,18.5,764.5,24,240,299,1
1,100,0,0,0,1,0,1,0,1,1,0,0,0,1,1,0
66,63.7605,4.583,47.4235,1304010.4345,1613.5,72445.024,184.5,13748.5055,166,849,18.5,764.5,24,238.5,297.5,1
1,100,0,0,0,1,0,1,0,1,1,0,0,0,1,1,0
66,63.7605,4.583,47.4235,1304010.4345,1613.5,72445.024,184.5,13748.5055,166,849,18.5,764.5,24,238.5,297.5,1
1,50,0.001,0,0,2,0,2,2,2,2,0,0,0,2,2,0
66,38.7605,4.5835,47.4235,1304010.4345,1614,72445.024,185,13749.5055,166.5,849.5,18.5,764.5,24,239,298,1
1,100,0,0,0,1,0,1,0,1,1,0,0,0,1,1,0
66,63.7605,4.583,47.4235,1304010.4345,1613.5,72445.024,184.5,13748.5055,166,849,18.5,764.5,24,238.5,297.5,1
1,25,0.003,0,0,4,0,4,8,4,4,0,0,0,4,4,0
66,26.2605,4.5845,47.4235,1304010.4345,1615,72445.024,186,13752.5055,167.5,850.5,18.5,764.5,24,240,299,1
1,100,0,0,0,1,0,1,0,1,1,0,0,0,1,1,0
66,63.7605,4.583,47.4235,1304010.4345,1613.5,72445.024,184.5,13748.5055,166,849,18.5,764.5,24,238.5,297.5,1
1,100,0,0,0,1,0,1,0,1,1,0,0,0,1,1,0
66,63.7605,4.583,47.4235,1304010.4345,1613.5,72445.024,184.5,13748.5055,166,849,18.5,764.5,24,238.5,297.5,1
1,25,0.003,0,0,4,0,4,8,4,4,0,0,0,4,4,0
66,26.2605,4.5845,47.4235,1304010.4345,1615,72445.024,186,13752.5055,167.5,850.5,18.5,764.5,24,240,299,1
1,33.333,0.002,0,0,3,0,3,4.755,3,3,0,0,0,3,3,0
66,30.427,4.5840000000000005,47.4235,1304010.4345,1614.5,72445.024,185.5,13750.883,167,850,18.5,764.5,24,239.5,298.5,1
1,100,0,0,0,1,0,1,0,1,1,0,0,0,1,1,0
66,63.7605,4.583,47.4235,1304010.4345,1613.5,72445.024,184.5,13748.5055,166,849,18.5,764.5,24,238.5,297.5,1
1,100,0,0,0,1,0,1,0,1,1,0,0,0,1,1,0
66,63.7605,4.583,47.4235,1304010.4345,1613.5,72445.024,184.5,13748.5055,166,849,18.5,764.5,24,238.5,297.5,1
1,100,0,0,0,1,0,1,0,1,1,0,0,0,1,1,0
66,63.7605,4.583,47.4235,1304010.4345,1613.5,72445.024,184.5,13748.5055,166,849,18.5,764.5,24,238.5,297.5,1
1,20,0.004,0,0,5,0,5,11.61,5,5,0,0,0,5,5,0
66,23.7605,4.585,47.4235,1304010.4345,1615.5,72445.024,186.5,13754.3105,168,851,18.5,764.5,24,240.5,299.5,1
1,100,0,0,0,1,0,1,0,1,1,0,0,0,1,1,0
66,63.7605,4.583,47.4235,1304010.4345,1613.5,72445.024,184.5,13748.5055,166,849,18.5,764.5,24,238.5,297.5,1
1,100,0,0,0,1,0,1,0,1,1,0,0,0,1,1,0
66,63.7605,4.583,47.4235,1304010.4345,1613.5,72445.024,184.5,13748.5055,166,849,18.5,764.5,24,238.5,297.5,1
1,25,0.001,0,0,4,0,2,4,2,4,0,0,0,4,4,0
66,26.2605,4.5835,47.4235,1304010.4345,1615,72445.024,185,13750.5055,166.5,850.5,18.5,764.5,24,240,299,1
1,100,0,0,0,1,0,1,0,1,1,0,0,0,1,1,0
66,63.7605,4.583,47.4235,1304010.4345,1613.5,72445.024,184.5,13748.5055,166,849,18.5,764.5,24,238.5,297.5,1
1,100,0,0,0,1,0,1,0,1,1,0,0,0,1,1,0
66,63.7605,4.583,47.4235,1304010.4345,1613.5,72445.024,184.5,13748.5055,166,849,18.5,764.5,24,238.5,297.5,1
1,50,0.001,0,0,2,0,2,2,2,2,0,0,0,2,2,0
66,38.7605,4.5835,47.4235,1304010.4345,1614,72445.024,185,13749.5055,166.5,849.5,18.5,764.5,24,239,298,1
1,100,0,0,0,1,0,1,0,1,1,0,0,0,1,1,0
66,63.7605,4.583,47.4235,1304010.4345,1613.5,72445.024,184.5,13748.5055,166,849,18.5,764.5,24,238.5,297.5,1
1,50,0.001,0,0,2,0,2,2,2,2,0,0,0,2,2,0
66,38.7605,4.5835,47.4235,1304010.4345,1614,72445.024,185,13749.5055,166.5,849.5,18.5,764.5,24,239,298,1
1,100,0,0,0,1,0,1,0,1,1,0,0,0,1,1,0
66,63.7605,4.583,47.4235,1304010.4345,1613.5,72445.024,184.5,13748.5055,166,849,18.5,764.5,24,238.5,297.5,1
1,100,0,0,0,1,0,1,0,1,1,0,0,0,1,1,0
66,63.7605,4.583,47.4235,1304010.4345,1613.5,72445.024,184.5,13748.5055,166,849,18.5,764.5,24,238.5,297.5,1
1,100,0,0,0,1,0,1,0,1,1,0,0,0,1,1,0
66,63.7605,4.583,47.4235,1304010.4345,1613.5,72445.024,184.5,13748.5055,166,849,18.5,764.5,24,238.5,297.5,1
1,100,0,0,0,1,0,1,0,1,1,0,0,0,1,1,0
66,63.7605,4.583,47.4235,1304010.4345,1613.5,72445.024,184.5,13748.5055,166,849,18.5,764.5,24,238.5,297.5,1
1,100,0,0,0,1,0,1,0,1,1,0,0,0,1,1,0
66,63.7605,4.583,47.4235,1304010.4345,1613.5,72445.024,184.5,13748.5055,166,849,18.5,764.5,24,238.5,297.5,1
1,100,0,0,0,1,0,1,0,1,1,0,0,0,1,1,0
66,63.7605,4.583,47.4235,1304010.4345,1613.5,72445.024,184.5,13748.5055,166,849,18.5,764.5,24,238.5,297.5,1
1,20,0.004,0,0,5,0,5,11.61,5,5,0,0,0,5,5,0
66,23.7605,4.585,47.4235,1304010.4345,1615.5,72445.024,186.5,13754.3105,168,851,18.5,764.5,24,240.5,299.5,1
1,100,0,0,0,1,0,1,0,1,1,0,0,0,1,1,0
66,63.7605,4.583,47.4235,1304010.4345,1613.5,72445.024,184.5,13748.5055,166,849,18.5,764.5,24,238.5,297.5,1
1,100,0,0,0,1,0,1,0,1,1,0,0,0,1,1,0
66,63.7605,4.583,47.4235,1304010.4345,1613.5,72445.024,184.5,13748.5055,166,849,18.5,764.5,24,238.5,297.5,1
1,50,0,0,0,2,0,1,0,1,2,0,0,0,2,2,0
66,38.7605,4.583,47.4235,1304010.4345,1614,72445.024,184.5,13748.5055,166,849.5,18.5,764.5,24,239,298,1
1,100,0,0,0,1,0,1,0,1,1,0,0,0,1,1,0
66,63.7605,4.583,47.4235,1304010.4345,1613.5,72445.024,184.5,13748.5055,166,849,18.5,764.5,24,238.5,297.5,1
1,100,0,0,0,1,0,1,0,1,1,0,0,0,1,1,0
66,63.7605,4.583,47.4235,1304010.4345,1613.5,72445.024,184.5,13748.5055,166,849,18.5,764.5,24,238.5,297.5,1
1,100,0,0,0,1,0,1,0,1,1,0,0,0,1,1,0
66,63.7605,4.583,47.4235,1304010.4345,1613.5,72445.024,184.5,13748.5055,166,849,18.5,764.5,24,238.5,297.5,1
1,100,0,0,0,1,0,1,0,1,1,0,0,0,1,1,0
66,63.7605,4.583,47.4235,1304010.4345,1613.5,72445.024,184.5,13748.5055,166,849,18.5,764.5,24,238.5,297.5,1
1,100,0,0,0,1,0,1,0,1,1,0,0,0,1,1,0
66,63.7605,4.583,47.4235,1304010.4345,1613.5,72445.024,184.5,13748.5055,166,849,18.5,764.5,24,238.5,297.5,1
1,100,0,0,0,1,0,1,0,1,1,0,0,0,1,1,0
66,63.7605,4.583,47.4235,1304010.4345,1613.5,72445.024,184.5,13748.5055,166,849,18.5,764.5,24,238.5,297.5,1
1,100,0,0,0,1,0,1,0,1,1,0,0,0,1,1,0
66,63.7605,4.583,47.4235,1304010.4345,1613.5,72445.024,184.5,13748.5055,166,849,18.5,764.5,24,238.5,297.5,1
1,100,0,0,0,1,0,1,0,1,1,0,0,0,1,1,0
66,63.7605,4.583,47.4235,1304010.4345,1613.5,72445.024,184.5,13748.5055,166,849,18.5,764.5,24,238.5,297.5,1
1,100,0,0,0,1,0,1,0,1,1,0,0,0,1,1,0
66,63.7605,4.583,47.4235,1304010.4345,1613.5,72445.024,184.5,13748.5055,166,849,18.5,764.5,24,238.5,297.5,1
1,100,0,0,0,1,0,1,0,1,1,0,0,0,1,1,0
66,63.7605,4.583,47.4235,1304010.4345,1613.5,72445.024,184.5,13748.5055,166,849,18.5,764.5,24,238.5,297.5,1
1,100,0,0,0,1,0,1,0,1,1,0,0,0,1,1,0
66,63.7605,4.583,47.4235,1304010.4345,1613.5,72445.024,184.5,13748.5055,166,849,18.5,764.5,24,238.5,297.5,1
1,100,0,0,0,1,0,1,0,1,1,0,0,0,1,1,0
66,63.7605,4.583,47.4235,1304010.4345,1613.5,72445.024,184.5,13748.5055,166,849,18.5,764.5,24,238.5,297.5,1
1,100,0,0,0,1,0,1,0,1,1,0,0,0,1,1,0
66,63.7605,4.583,47.4235,1304010.4345,1613.5,72445.024,184.5,13748.5055,166,849,18.5,764.5,24,238.5,297.5,1
1,100,0,0,0,1,0,1,0,1,1,0,0,0,1,1,0
66,63.7605,4.583,47.4235,1304010.4345,1613.5,72445.024,184.5,13748.5055,166,849,18.5,764.5,24,238.5,297.5,1
1,20,0.002,0,0,5,0,2,5,2,5,0,0,0,5,5,0
66,23.7605,4.5840000000000005,47.4235,1304010.4345,1615.5,72445.024,185,13751.0055,166.5,851,18.5,764.5,24,240.5,299.5,1
1,100,0,0,0,1,0,1,0,1,1,0,0,0,1,1,0
66,63.7605,4.583,47.4235,1304010.4345,1613.5,72445.024,184.5,13748.5055,166,849,18.5,764.5,24,238.5,297.5,1
1,16.667,0.004,0,0,6,0,4,12,4,6,0,0,0,6,6,0
66,22.094,4.585,47.4235,1304010.4345,1616,72445.024,186,13754.5055,167.5,851.5,18.5,764.5,24,241,300,1
1,100,0,0,0,1,0,1,0,1,1,0,0,0,1,1,0
66,63.7605,4.583,47.4235,1304010.4345,1613.5,72445.024,184.5,13748.5055,166,849,18.5,764.5,24,238.5,297.5,1
1,100,0,0,0,1,0,1,0,1,1,0,0,0,1,1,0
66,63.7605,4.583,47.4235,1304010.4345,1613.5,72445.024,184.5,13748.5055,166,849,18.5,764.5,24,238.5,297.5,1
1,100,0,0,0,1,0,1,0,1,1,0,0,0,1,1,0
66,63.7605,4.583,47.4235,1304010.4345,1613.5,72445.024,184.5,13748.5055,166,849,18.5,764.5,24,238.5,297.5,1
1,100,0,0,0,1,0,1,0,1,1,0,0,0,1,1,0
66,63.7605,4.583,47.4235,1304010.4345,1613.5,72445.024,184.5,13748.5055,166,849,18.5,764.5,24,238.5,297.5,1
1,100,0,0,0,1,0,1,0,1,1,0,0,0,1,1,0
66,63.7605,4.583,47.4235,1304010.4345,1613.5,72445.024,184.5,13748.5055,166,849,18.5,764.5,24,238.5,297.5,1
1,100,0,0,0,1,0,1,0,1,1,0,0,0,1,1,0
66,63.7605,4.583,47.4235,1304010.4345,1613.5,72445.024,184.5,13748.5055,166,849,18.5,764.5,24,238.5,297.5,1
1,100,0,0,0,1,0,1,0,1,1,0,0,0,1,1,0
66,63.7605,4.583,47.4235,1304010.4345,1613.5,72445.024,184.5,13748.5055,166,849,18.5,764.5,24,238.5,297.5,1
1,100,0,0,0,1,0,1,0,1,1,0,0,0,1,1,0
66,63.7605,4.583,47.4235,1304010.4345,1613.5,72445.024,184.5,13748.5055,166,849,18.5,764.5,24,238.5,297.5,1
1,25,0.003,0,0,4,0,4,8,4,4,0,0,0,4,4,0
66,26.2605,4.5845,47.4235,1304010.4345,1615,72445.024,186,13752.5055,167.5,850.5,18.5,764.5,24,240,299,1
1,100,0,0,0,1,0,1,0,1,1,0,0,0,1,1,0
66,63.7605,4.583,47.4235,1304010.4345,1613.5,72445.024,184.5,13748.5055,166,849,18.5,764.5,24,238.5,297.5,1
1,12.5,0.008,0,0,8,0,8,24,8,8,0,0,0,8,8,0
66,20.0105,4.587,47.4235,1304010.4345,1617,72445.024,188,13760.5055,169.5,852.5,18.5,764.5,24,242,301,1
1,100,0,0,0,1,0,1,0,1,1,0,0,0,1,1,0
66,63.7605,4.583,47.4235,1304010.4345,1613.5,72445.024,184.5,13748.5055,166,849,18.5,764.5,24,238.5,297.5,1
1,100,0,0,0,1,0,1,0,1,1,0,0,0,1,1,0
66,63.7605,4.583,47.4235,1304010.4345,1613.5,72445.024,184.5,13748.5055,166,849,18.5,764.5,24,238.5,297.5,1
1,100,0,0,0,1,0,1,0,1,1,0,0,0,1,1,0
66,63.7605,4.583,47.4235,1304010.4345,1613.5,72445.024,184.5,13748.5055,166,849,18.5,764.5,24,238.5,297.5,1
1,100,0,0,0,1,0,1,0,1,1,0,0,0,1,1,0
66,63.7605,4.583,47.4235,1304010.4345,1613.5,72445.024,184.5,13748.5055,166,849,18.5,764.5,24,238.5,297.5,1
1,100,0,0,0,1,0,1,0,1,1,0,0,0,1,1,0
66,63.7605,4.583,47.4235,1304010.4345,1613.5,72445.024,184.5,13748.5055,166,849,18.5,764.5,24,238.5,297.5,1
1,100,0,0,0,1,0,1,0,1,1,0,0,0,1,1,0
66,63.7605,4.583,47.4235,1304010.4345,1613.5,72445.024,184.5,13748.5055,166,849,18.5,764.5,24,238.5,297.5,1
1,25,0.003,0,0,4,0,4,8,4,4,0,0,0,4,4,0
66,26.2605,4.5845,47.4235,1304010.4345,1615,72445.024,186,13752.5055,167.5,850.5,18.5,764.5,24,240,299,1
1,20,0.004,0,0,5,0,5,11.61,5,5,0,0,0,5,5,0
66,23.7605,4.585,47.4235,1304010.4345,1615.5,72445.024,186.5,13754.3105,168,851,18.5,764.5,24,240.5,299.5,1
1,100,0,0,0,1,0,1,0,1,1,0,0,0,1,1,0
66,63.7605,4.583,47.4235,1304010.4345,1613.5,72445.024,184.5,13748.5055,166,849,18.5,764.5,24,238.5,297.5,1
1,50,0,0,0,2,0,1,0,1,2,0,0,0,2,2,0
66,38.7605,4.583,47.4235,1304010.4345,1614,72445.024,184.5,13748.5055,166,849.5,18.5,764.5,24,239,298,1
1,100,0,0,0,1,0,1,0,1,1,0,0,0,1,1,0
66,63.7605,4.583,47.4235,1304010.4345,1613.5,72445.024,184.5,13748.5055,166,849,18.5,764.5,24,238.5,297.5,1
1,33.333,0.002,0,0,3,0,3,4.755,3,3,0,0,0,3,3,0
66,30.427,4.5840000000000005,47.4235,1304010.4345,1614.5,72445.024,185.5,13750.883,167,850,18.5,764.5,24,239.5,298.5,1
1,100,0,0,0,1,0,1,0,1,1,0,0,0,1,1,0
66,63.7605,4.583,47.4235,1304010.4345,1613.5,72445.024,184.5,13748.5055,166,849,18.5,764.5,24,238.5,297.5,1
1,100,0,0,0,1,0,1,0,1,1,0,0,0,1,1,0
66,63.7605,4.583,47.4235,1304010.4345,1613.5,72445.024,184.5,13748.5055,166,849,18.5,764.5,24,238.5,297.5,1
1,100,0,0,0,1,0,1,0,1,1,0,0,0,1,1,0
66,63.7605,4.583,47.4235,1304010.4345,1613.5,72445.024,184.5,13748.5055,166,849,18.5,764.5,24,238.5,297.5,1
1,12.5,0.008,0,0,8,0,8,24,8,8,0,0,0,8,8,0
66,20.0105,4.587,47.4235,1304010.4345,1617,72445.024,188,13760.5055,169.5,852.5,18.5,764.5,24,242,301,1
1,10,0.011,0,0,10,0,10,33.219,10,10,0,0,0,10,10,0
66,18.7605,4.5885,47.4235,1304010.4345,1618,72445.024,189,13765.115,170.5,853.5,18.5,764.5,24,243,302,1
1,100,0,0,0,1,0,1,0,1,1,0,0,0,1,1,0
66,63.7605,4.583,47.4235,1304010.4345,1613.5,72445.024,184.5,13748.5055,166,849,18.5,764.5,24,238.5,297.5,1
1,100,0,0,0,1,0,1,0,1,1,0,0,0,1,1,0
66,63.7605,4.583,47.4235,1304010.4345,1613.5,72445.024,184.5,13748.5055,166,849,18.5,764.5,24,238.5,297.5,1
1,100,0,0,0,1,0,1,0,1,1,0,0,0,1,1,0
66,63.7605,4.583,47.4235,1304010.4345,1613.5,72445.024,184.5,13748.5055,166,849,18.5,764.5,24,238.5,297.5,1
1,100,0,0,0,1,0,1,0,1,1,0,0,0,1,1,0
66,63.7605,4.583,47.4235,1304010.4345,1613.5,72445.024,184.5,13748.5055,166,849,18.5,764.5,24,238.5,297.5,1
1,100,0,0,0,1,0,1,0,1,1,0,0,0,1,1,0
66,63.7605,4.583,47.4235,1304010.4345,1613.5,72445.024,184.5,13748.5055,166,849,18.5,764.5,24,238.5,297.5,1
1,100,0,0,0,1,0,1,0,1,1,0,0,0,1,1,0
66,63.7605,4.583,47.4235,1304010.4345,1613.5,72445.024,184.5,13748.5055,166,849,18.5,764.5,24,238.5,297.5,1
1,100,0,0,0,1,0,1,0,1,1,0,0,0,1,1,0
66,63.7605,4.583,47.4235,1304010.4345,1613.5,72445.024,184.5,13748.5055,166,849,18.5,764.5,24,238.5,297.5,1
1,100,0,0,0,1,0,1,0,1,1,0,0,0,1,1,0
66,63.7605,4.583,47.4235,1304010.4345,1613.5,72445.024,184.5,13748.5055,166,849,18.5,764.5,24,238.5,297.5,1
1,100,0,0,0,1,0,1,0,1,1,0,0,0,1,1,0
66,63.7605,4.583,47.4235,1304010.4345,1613.5,72445.024,184.5,13748.5055,166,849,18.5,764.5,24,238.5,297.5,1
1,7.143,0.018,0,0,14,0,14,53.303,14,14,0,0,0,14,14,0
66,17.332,4.5920000000000005,47.4235,1304010.4345,1620,72445.024,191,13775.157,172.5,855.5,18.5,764.5,24,245,304,1
1,11.111,0.01,0,0,9,0,9,28.529,9,9,0,0,0,9,9,0
66,19.316000000000003,4.588,47.4235,1304010.4345,1617.5,72445.024,188.5,13762.769999999999,170,853,18.5,764.5,24,242.5,301.5,1
1,10,0.011,0,0,10,0,10,33.219,10,10,0,0,0,10,10,0
66,18.7605,4.5885,47.4235,1304010.4345,1618,72445.024,189,13765.115,170.5,853.5,18.5,764.5,24,243,302,1
1,33.333,0.002,0,0,3,0,3,4.755,3,3,0,0,0,3,3,0
66,30.427,4.5840000000000005,47.4235,1304010.4345,1614.5,72445.024,185.5,13750.883,167,850,18.5,764.5,24,239.5,298.5,1
1,100,0,0,0,1,0,1,0,1,1,0,0,0,1,1,0
66,63.7605,4.583,47.4235,1304010.4345,1613.5,72445.024,184.5,13748.5055,166,849,18.5,764.5,24,238.5,297.5,1
1,100,0,0,0,1,0,1,0,1,1,0,0,0,1,1,0
66,63.7605,4.583,47.4235,1304010.4345,1613.5,72445.024,184.5,13748.5055,166,849,18.5,764.5,24,238.5,297.5,1
1,100,0,0,0,1,0,1,0,1,1,0,0,0,1,1,0
66,63.7605,4.583,47.4235,1304010.4345,1613.5,72445.024,184.5,13748.5055,166,849,18.5,764.5,24,238.5,297.5,1
1,33.333,0.001,0,0,3,0,2,3,2,3,0,0,0,3,3,0
66,30.427,4.5835,47.4235,1304010.4345,1614.5,72445.024,185,13750.0055,166.5,850,18.5,764.5,24,239.5,298.5,1
1,7.143,0.018,0,0,14,0,14,53.303,14,14,0,0,0,14,14,0
66,17.332,4.5920000000000005,47.4235,1304010.4345,1620,72445.024,191,13775.157,172.5,855.5,18.5,764.5,24,245,304,1
1,100,0,0,0,1,0,1,0,1,1,0,0,0,1,1,0
66,63.7605,4.583,47.4235,1304010.4345,1613.5,72445.024,184.5,13748.5055,166,849,18.5,764.5,24,238.5,297.5,1
1,14.286,0.007,0,0,7,0,7,19.651,7,7,0,0,0,7,7,0
66,20.9035,4.5865,47.4235,1304010.4345,1616.5,72445.024,187.5,13758.331,169,852,18.5,764.5,24,241.5,300.5,1
1,100,0,0,0,1,0,1,0,1,1,0,0,0,1,1,0
66,63.7605,4.583,47.4235,1304010.4345,1613.5,72445.024,184.5,13748.5055,166,849,18.5,764.5,24,238.5,297.5,1
1,100,0,0,0,1,0,1,0,1,1,0,0,0,1,1,0
66,63.7605,4.583,47.4235,1304010.4345,1613.5,72445.024,184.5,13748.5055,166,849,18.5,764.5,24,238.5,297.5,1
1,100,0,0,0,1,0,1,0,1,1,0,0,0,1,1,0
66,63.7605,4.583,47.4235,1304010.4345,1613.5,72445.024,184.5,13748.5055,166,849,18.5,764.5,24,238.5,297.5,1
1,100,0,0,0,1,0,1,0,1,1,0,0,0,1,1,0
66,63.7605,4.583,47.4235,1304010.4345,1613.5,72445.024,184.5,13748.5055,166,849,18.5,764.5,24,238.5,297.5,1
1,100,0,0,0,1,0,1,0,1,1,0,0,0,1,1,0
66,63.7605,4.583,47.4235,1304010.4345,1613.5,72445.024,184.5,13748.5055,166,849,18.5,764.5,24,238.5,297.5,1
1,100,0,0,0,1,0,1,0,1,1,0,0,0,1,1,0
66,63.7605,4.583,47.4235,1304010.4345,1613.5,72445.024,184.5,13748.5055,166,849,18.5,764.5,24,238.5,297.5,1
1,100,0,0,0,1,0,1,0,1,1,0,0,0,1,1,0
66,63.7605,4.583,47.4235,1304010.4345,1613.5,72445.024,184.5,13748.5055,166,849,18.5,764.5,24,238.5,297.5,1
1,50,0,0,0,2,0,1,0,1,2,0,0,0,2,2,0
66,38.7605,4.583,47.4235,1304010.4345,1614,72445.024,184.5,13748.5055,166,849.5,18.5,764.5,24,239,298,1
1,100,0,0,0,1,0,1,0,1,1,0,0,0,1,1,0
66,63.7605,4.583,47.4235,1304010.4345,1613.5,72445.024,184.5,13748.5055,166,849,18.5,764.5,24,238.5,297.5,1
1,33.333,0.002,0,0,3,0,3,4.755,3,3,0,0,0,3,3,0
66,30.427,4.5840000000000005,47.4235,1304010.4345,1614.5,72445.024,185.5,13750.883,167,850,18.5,764.5,24,239.5,298.5,1
1,100,0,0,0,1,0,1,0,1,1,0,0,0,1,1,0
66,63.7605,4.583,47.4235,1304010.4345,1613.5,72445.024,184.5,13748.5055,166,849,18.5,764.5,24,238.5,297.5,1
1,100,0,0,0,1,0,1,0,1,1,0,0,0,1,1,0
66,63.7605,4.583,47.4235,1304010.4345,1613.5,72445.024,184.5,13748.5055,166,849,18.5,764.5,24,238.5,297.5,1
1,100,0,0,0,1,0,1,0,1,1,0,0,0,1,1,0
66,63.7605,4.583,47.4235,1304010.4345,1613.5,72445.024,184.5,13748.5055,166,849,18.5,764.5,24,238.5,297.5,1
1,100,0,0,0,1,0,1,0,1,1,0,0,0,1,1,0
66,63.7605,4.583,47.4235,1304010.4345,1613.5,72445.024,184.5,13748.5055,166,849,18.5,764.5,24,238.5,297.5,1
1,100,0,0,0,1,0,1,0,1,1,0,0,0,1,1,0
66,63.7605,4.583,47.4235,1304010.4345,1613.5,72445.024,184.5,13748.5055,166,849,18.5,764.5,24,238.5,297.5,1
1,100,0,0,0,1,0,1,0,1,1,0,0,0,1,1,0
66,63.7605,4.583,47.4235,1304010.4345,1613.5,72445.024,184.5,13748.5055,166,849,18.5,764.5,24,238.5,297.5,1
1,100,0,0,0,1,0,1,0,1,1,0,0,0,1,1,0
66,63.7605,4.583,47.4235,1304010.4345,1613.5,72445.024,184.5,13748.5055,166,849,18.5,764.5,24,238.5,297.5,1
1,33.333,0.002,0,0,3,0,3,4.755,3,3,0,0,0,3,3,0
66,30.427,4.5840000000000005,47.4235,1304010.4345,1614.5,72445.024,185.5,13750.883,167,850,18.5,764.5,24,239.5,298.5,1
1,100,0,0,0,1,0,1,0,1,1,0,0,0,1,1,0
66,63.7605,4.583,47.4235,1304010.4345,1613.5,72445.024,184.5,13748.5055,166,849,18.5,764.5,24,238.5,297.5,1
1,100,0,0,0,1,0,1,0,1,1,0,0,0,1,1,0
66,63.7605,4.583,47.4235,1304010.4345,1613.5,72445.024,184.5,13748.5055,166,849,18.5,764.5,24,238.5,297.5,1
1,100,0,0,0,1,0,1,0,1,1,0,0,0,1,1,0
66,63.7605,4.583,47.4235,1304010.4345,1613.5,72445.024,184.5,13748.5055,166,849,18.5,764.5,24,238.5,297.5,1
1,25,0.003,0,0,4,0,4,8,4,4,0,0,0,4,4,0
66,26.2605,4.5845,47.4235,1304010.4345,1615,72445.024,186,13752.5055,167.5,850.5,18.5,764.5,24,240,299,1
1,100,0,0,0,1,0,1,0,1,1,0,0,0,1,1,0
66,63.7605,4.583,47.4235,1304010.4345,1613.5,72445.024,184.5,13748.5055,166,849,18.5,764.5,24,238.5,297.5,1
1,100,0,0,0,1,0,1,0,1,1,0,0,0,1,1,0
66,63.7605,4.583,47.4235,1304010.4345,1613.5,72445.024,184.5,13748.5055,166,849,18.5,764.5,24,238.5,297.5,1
1,100,0,0,0,1,0,1,0,1,1,0,0,0,1,1,0
66,63.7605,4.583,47.4235,1304010.4345,1613.5,72445.024,184.5,13748.5055,166,849,18.5,764.5,24,238.5,297.5,1
